#OTU ID	S1	S2	S3	E1	E2	E3	C	taxonomy
OTU_3	19857.333333333332	3224.3333333333335	12059.333333333334	14349.0	7166.666666666667	8468.333333333334	537.8333333333334	k:Bacteria,p:Proteobacteria,c:Gammaproteobacteria,o:Enterobacterales,f:Enterobacteriaceae,g:Escherichia-Shigella
OTU_17	3430.3333333333335	10.666666666666666	51.333333333333336	2.0	1.0	2.0	0.16666666666666666	k:Bacteria,p:Proteobacteria,c:Gammaproteobacteria,o:Enterobacterales,f:Enterobacteriaceae,g:Klebsiella
OTU_5	224.33333333333334	61.333333333333336	6579.0	2471.3333333333335	5600.0	2071.0	297.6666666666667	k:Bacteria,p:Firmicutes,c:Clostridia,o:Clostridiales,f:Clostridiaceae,g:Clostridium_sensu_stricto_1,s:Clostridium_disporicum
OTU_61	127.0	0.0	0.0	0.0	0.3333333333333333	0.0	0.0	k:Bacteria,p:Firmicutes,c:Bacilli,o:Paenibacillales,f:Paenibacillaceae,g:Paenibacillus
OTU_33	52.333333333333336	3.6666666666666665	0.0	0.0	1.0	35.333333333333336	6.666666666666667	k:Bacteria,p:Proteobacteria,c:Gammaproteobacteria,o:Pseudomonadales,f:Moraxellaceae,g:Acinetobacter
OTU_78	59.0	0.0	0.0	0.0	0.0	0.0	0.0	k:Bacteria,p:Firmicutes,c:Bacilli,o:Lactobacillales,f:Enterococcaceae,g:Enterococcus,s:Enterococcus_casseliflavus
OTU_578	10.333333333333334	0.3333333333333333	0.0	0.0	0.0	0.0	0.0	k:Bacteria,p:Firmicutes,c:Bacilli,o:Lactobacillales,f:Enterococcaceae,g:Enterococcus
OTU_75	396.6666666666667	20.0	0.3333333333333333	0.3333333333333333	0.0	0.3333333333333333	0.0	k:Bacteria,p:Firmicutes,c:Bacilli,o:Lactobacillales,f:Enterococcaceae,g:Enterococcus
OTU_4382	1.3333333333333333	0.0	0.3333333333333333	0.3333333333333333	0.3333333333333333	0.0	0.0	k:Bacteria,p:Proteobacteria,c:Gammaproteobacteria,o:Enterobacterales,f:Enterobacteriaceae
OTU_27	191.33333333333334	1211.0	0.6666666666666666	15.0	0.3333333333333333	86.33333333333333	1.8333333333333333	k:Bacteria,p:Firmicutes,c:Bacilli,o:Lactobacillales,f:Enterococcaceae,g:Enterococcus
OTU_1999	2.3333333333333335	0.0	0.0	0.0	0.0	0.0	0.0	k:Bacteria,p:Proteobacteria,c:Gammaproteobacteria,o:Xanthomonadales,f:Xanthomonadaceae,g:Xanthomonas
OTU_6	36.666666666666664	2897.0	3111.3333333333335	3.3333333333333335	1.0	6.0	279.0	k:Bacteria,p:Firmicutes,c:Bacilli,o:Lactobacillales,f:Streptococcaceae,g:Streptococcus
OTU_18	125.33333333333333	19.333333333333332	4.333333333333333	0.3333333333333333	0.0	2.3333333333333335	0.5	k:Bacteria,p:Proteobacteria,c:Gammaproteobacteria,o:Enterobacterales,f:Enterobacteriaceae,g:Klebsiella
OTU_792	3.6666666666666665	0.0	0.0	0.0	0.0	0.0	0.0	k:Bacteria,p:Proteobacteria,c:Gammaproteobacteria,o:Enterobacterales
OTU_814	11.333333333333334	0.3333333333333333	0.0	0.0	0.0	0.0	0.0	k:Bacteria,p:Proteobacteria,c:Gammaproteobacteria,o:Enterobacterales,f:Enterobacteriaceae,g:Escherichia-Shigella
OTU_96	0.3333333333333333	0.0	1.0	0.0	0.0	0.0	0.0	k:Bacteria,p:Firmicutes,c:Bacilli,o:Staphylococcales,f:Staphylococcaceae,g:Staphylococcus
OTU_106	18.0	1.0	0.0	0.0	0.0	0.0	0.0	k:Bacteria,p:Firmicutes,c:Bacilli,o:Lactobacillales,f:Enterococcaceae,g:Enterococcus
OTU_49	42.666666666666664	0.0	0.0	0.0	0.0	0.0	0.0	k:Bacteria,p:Firmicutes,c:Bacilli,o:Bacillales,f:Planococcaceae,g:Lysinibacillus
OTU_2371	20.0	0.0	0.0	0.0	0.3333333333333333	0.0	0.0	k:Bacteria,p:Firmicutes,c:Bacilli,o:Lactobacillales,f:Enterococcaceae,g:Enterococcus
OTU_794	7.333333333333333	0.3333333333333333	0.0	0.0	0.0	0.0	0.0	k:Bacteria,p:Proteobacteria,c:Gammaproteobacteria,o:Enterobacterales,f:Enterobacteriaceae,g:Escherichia-Shigella
OTU_1219	2.0	0.0	0.0	0.0	0.0	0.0	0.0	k:Bacteria,p:Proteobacteria,c:Gammaproteobacteria,o:Enterobacterales,f:Enterobacteriaceae,g:Escherichia-Shigella
OTU_1895	36.0	1504.3333333333333	1.0	1.0	1.3333333333333333	5.333333333333333	0.0	k:Bacteria,p:Proteobacteria,c:Gammaproteobacteria,o:Enterobacterales,f:Enterobacteriaceae,g:Klebsiella
OTU_655	1.6666666666666667	0.0	0.0	0.0	0.0	0.0	0.0	k:Bacteria,p:Firmicutes,c:Clostridia,o:Lachnospirales,f:Lachnospiraceae
OTU_19	123.0	4.0	548.6666666666666	234.66666666666666	343.0	34.666666666666664	5.666666666666667	k:Bacteria,p:Firmicutes,c:Bacilli,o:Erysipelotrichales,f:Erysipelotrichaceae,g:Turicibacter
OTU_81	58.333333333333336	0.0	0.0	0.0	0.3333333333333333	0.0	0.0	k:Bacteria,p:Firmicutes,c:Bacilli,o:Paenibacillales,f:Paenibacillaceae,g:Paenibacillus
OTU_23	50.0	1.0	286.3333333333333	400.3333333333333	370.3333333333333	157.66666666666666	2.6666666666666665	k:Bacteria,p:Firmicutes,c:Clostridia,o:Peptostreptococcales-Tissierellales,f:Peptostreptococcaceae,g:Terrisporobacter
OTU_789	7.333333333333333	0.0	0.0	0.0	0.0	0.0	0.0	k:Bacteria,p:Firmicutes,c:Bacilli,o:Paenibacillales,f:Paenibacillaceae,g:Paenibacillus
OTU_2743	1.6666666666666667	0.0	0.0	0.0	0.0	0.0	0.0	k:Bacteria,p:Firmicutes,c:Bacilli,o:Paenibacillales,f:Paenibacillaceae,g:Paenibacillus
OTU_99	0.6666666666666666	11.0	5.333333333333333	0.0	0.0	0.0	0.6666666666666666	k:Bacteria,p:Proteobacteria,c:Gammaproteobacteria,o:Enterobacterales,f:Enterobacteriaceae,g:Klebsiella,s:Klebsiella_pneumoniae
OTU_5585	1.3333333333333333	0.0	0.0	0.0	0.0	0.0	0.0	k:Bacteria,p:Firmicutes,c:Bacilli
OTU_82	7.333333333333333	0.0	0.0	0.0	0.0	0.0	0.0	k:Bacteria,p:Actinobacteriota,c:Actinobacteria,o:Micrococcales,f:Micrococcaceae,g:Arthrobacter,s:Arthrobacter_sp._Edens01
OTU_2651	0.3333333333333333	0.0	0.0	0.0	0.0	0.0	0.0	k:Bacteria,p:Firmicutes,c:Bacilli,o:Bacillales,f:Bacillaceae,g:Bacillus
OTU_4	33.333333333333336	4.333333333333333	17.333333333333332	17.333333333333332	8.0	15.0	0.8333333333333334	k:Bacteria,p:Proteobacteria,c:Gammaproteobacteria,o:Enterobacterales,f:Enterobacteriaceae,g:Escherichia-Shigella
OTU_3902	0.6666666666666666	0.0	0.3333333333333333	1.0	0.0	0.6666666666666666	0.0	k:Bacteria,p:Firmicutes,c:Clostridia,o:Peptostreptococcales-Tissierellales,f:Peptostreptococcaceae
OTU_115	11.666666666666666	0.0	17.666666666666668	27.0	7.666666666666667	39.333333333333336	0.3333333333333333	k:Bacteria,p:Proteobacteria,c:Gammaproteobacteria,o:Enterobacterales,f:Enterobacteriaceae
OTU_380	1.0	1.0	0.0	0.0	0.0	1.3333333333333333	0.0	k:Bacteria,p:Firmicutes,c:Bacilli,o:Bacillales,f:Bacillaceae,g:Bacillus,s:Bacillus_licheniformis
OTU_4384	0.6666666666666666	0.0	0.0	0.0	0.0	0.0	0.0	k:Bacteria,p:Proteobacteria,c:Gammaproteobacteria,o:Enterobacterales,f:Enterobacteriaceae,g:Escherichia-Shigella
OTU_798	0.3333333333333333	0.0	0.0	0.0	0.0	0.0	0.0	k:Bacteria,p:Firmicutes,c:Bacilli,o:Lactobacillales,f:Enterococcaceae,g:Enterococcus,s:Enterococcus_casseliflavus
OTU_677	2.0	0.0	0.0	0.0	0.0	0.0	0.0	k:Bacteria,p:Proteobacteria,c:Gammaproteobacteria,o:Burkholderiales,f:Alcaligenaceae,g:Verticiella
OTU_2373	1.0	0.0	0.0	0.0	0.0	0.0	0.0	k:Bacteria,p:Firmicutes,c:Bacilli,o:Paenibacillales,f:Paenibacillaceae,g:Paenibacillus
OTU_13	5.0	9052.0	0.3333333333333333	3.6666666666666665	3.6666666666666665	12.666666666666666	0.5	k:Bacteria,p:Firmicutes,c:Bacilli,o:Lactobacillales,f:Leuconostocaceae,g:Weissella
OTU_63	3.0	3.3333333333333335	13.666666666666666	3.6666666666666665	1.3333333333333333	3.0	7.833333333333333	k:Bacteria,p:Firmicutes,c:Bacilli,o:Lactobacillales,f:Lactobacillaceae,g:Lactobacillus,s:Lactobacillus_pontis
OTU_688	4.333333333333333	0.0	0.0	0.0	0.0	0.0	0.0	k:Bacteria,p:Firmicutes,c:Bacilli,o:Paenibacillales,f:Paenibacillaceae,g:Paenibacillus
OTU_629	1.0	0.0	0.0	0.0	0.0	0.0	0.0	k:Bacteria,p:Actinobacteriota,c:Actinobacteria,o:Corynebacteriales,f:Corynebacteriaceae,g:Corynebacterium,s:Corynebacterium_glyciniphilum_AJ_3170
OTU_1	22.333333333333332	26.0	35.0	7462.0	11044.666666666666	13722.666666666666	23853.166666666668	k:Bacteria,p:Firmicutes,c:Bacilli,o:Lactobacillales,f:Streptococcaceae,g:Streptococcus,s:Streptococcus_alactolyticus
OTU_3188	0.3333333333333333	3.6666666666666665	0.0	0.3333333333333333	0.0	3.3333333333333335	0.16666666666666666	k:Bacteria,p:Firmicutes,c:Bacilli,o:Lactobacillales,f:Enterococcaceae,g:Enterococcus
OTU_2745	0.0	0.0	0.0	0.0	0.0	0.0	0.0	k:Bacteria,p:Proteobacteria,c:Gammaproteobacteria,o:Enterobacterales,f:Enterobacteriaceae,g:Escherichia-Shigella,s:Escherichia_coli
OTU_2024	2.3333333333333335	0.0	0.0	0.0	0.0	0.0	0.0	k:Bacteria,p:Firmicutes,c:Bacilli,o:Lactobacillales,f:Enterococcaceae,g:Enterococcus,s:Enterococcus_casseliflavus
OTU_80	1.6666666666666667	3.0	2.0	0.3333333333333333	0.3333333333333333	2.0	2.0	k:Bacteria,p:Firmicutes,c:Bacilli,o:Lactobacillales,f:Lactobacillaceae,g:Lactobacillus,s:Lactobacillus_acetotolerans_DSM_20749_
OTU_2032	1.3333333333333333	0.0	0.0	0.0	0.0	0.3333333333333333	0.0	k:Bacteria,p:Proteobacteria,c:Gammaproteobacteria,o:Pseudomonadales,f:Pseudomonadaceae,g:Pseudomonas
OTU_72	1.0	2.0	16.666666666666668	0.0	0.0	0.0	0.0	k:Bacteria,p:Firmicutes,c:Clostridia,o:Peptostreptococcales-Tissierellales,f:Peptostreptococcaceae,g:Romboutsia
OTU_52	10.0	3.3333333333333335	0.0	0.0	0.0	0.3333333333333333	0.0	k:Bacteria,p:Firmicutes,c:Bacilli,o:Lactobacillales,f:Enterococcaceae,g:Enterococcus,s:Enterococcus_faecalis
OTU_815	0.3333333333333333	0.0	0.0	0.0	0.0	0.3333333333333333	0.0	k:Bacteria,p:Firmicutes,c:Clostridia,o:Clostridiales,f:Clostridiaceae,g:Clostridium_sensu_stricto_1
OTU_569	4.0	0.3333333333333333	0.0	0.0	0.0	1.0	0.0	k:Bacteria,p:Proteobacteria,c:Gammaproteobacteria,o:Xanthomonadales,f:Xanthomonadaceae,g:Stenotrophomonas,s:Stenotrophomonas_sp.
OTU_2542	4.333333333333333	0.0	0.0	0.0	0.0	0.0	0.0	k:Bacteria,p:Proteobacteria,c:Gammaproteobacteria,o:Enterobacterales,f:Enterobacteriaceae,g:Enterobacter
OTU_1034	0.3333333333333333	0.0	0.0	0.3333333333333333	0.0	0.0	0.16666666666666666	k:Bacteria,p:Firmicutes,c:Bacilli,o:Lactobacillales,f:Lactobacillaceae,g:Lactobacillus,s:Lactobacillus_acidipiscis
OTU_2826	0.0	0.0	0.3333333333333333	3.0	0.0	4.666666666666667	2.0	k:Bacteria,p:Proteobacteria,c:Gammaproteobacteria,o:Enterobacterales,f:Enterobacteriaceae,g:Escherichia-Shigella
OTU_5526	0.6666666666666666	0.0	0.0	0.0	0.0	0.0	0.0	k:Bacteria,p:Firmicutes,c:Bacilli,o:Paenibacillales,f:Paenibacillaceae,g:Paenibacillus
OTU_384	6.0	0.3333333333333333	0.0	0.3333333333333333	0.0	0.0	0.0	k:Bacteria,p:Firmicutes,c:Bacilli,o:Lactobacillales,f:Enterococcaceae,g:Enterococcus,s:Enterococcus_mundtii
OTU_1114	3.3333333333333335	0.0	0.0	0.0	0.0	0.0	0.0	k:Bacteria,p:Proteobacteria,c:Gammaproteobacteria,o:Enterobacterales,f:Enterobacteriaceae,g:Citrobacter
OTU_3386	2.0	0.0	0.0	0.0	0.0	0.0	0.0	k:Bacteria,p:Firmicutes,c:Bacilli,o:Paenibacillales,f:Paenibacillaceae,g:Paenibacillus
OTU_687	1.3333333333333333	0.0	0.0	0.0	0.0	0.0	0.0	k:Bacteria,p:Firmicutes,c:Bacilli,o:Paenibacillales,f:Paenibacillaceae,g:Paenibacillus,s:Paenibacillus_taiwanensis
OTU_1311	3.0	0.0	0.0	0.0	0.0	0.0	0.0	k:Bacteria,p:Proteobacteria,c:Gammaproteobacteria,o:Enterobacterales,f:Yersiniaceae,g:Serratia,s:Serratia_marcescens
OTU_620	3.3333333333333335	0.0	0.0	0.0	0.0	0.0	0.0	k:Bacteria,p:Firmicutes,c:Bacilli,o:Bacillales,f:Planococcaceae,g:Lysinibacillus
OTU_3949	0.6666666666666666	0.0	0.0	0.0	0.0	0.0	0.0	k:Bacteria,p:Firmicutes,c:Clostridia,o:Clostridiales,f:Clostridiaceae,g:Clostridium_sensu_stricto_1
OTU_3097	0.6666666666666666	0.0	0.0	0.3333333333333333	0.3333333333333333	0.0	0.0	k:Bacteria,p:Proteobacteria,c:Gammaproteobacteria,o:Enterobacterales,f:Erwiniaceae,g:Pantoea
OTU_299	0.6666666666666666	0.6666666666666666	0.0	0.6666666666666666	0.0	0.3333333333333333	0.3333333333333333	k:Bacteria,p:Firmicutes,c:Bacilli,o:Bacillales,f:Bacillaceae,g:Bacillus
OTU_344	1.0	1.3333333333333333	0.3333333333333333	1.6666666666666667	0.3333333333333333	0.6666666666666666	0.0	k:Bacteria,p:Firmicutes,c:Bacilli,o:Lactobacillales,f:Lactobacillaceae,g:Lactobacillus,s:Lactobacillus_pontis
OTU_4965	1.3333333333333333	0.3333333333333333	0.0	0.0	0.0	0.0	0.0	k:Bacteria,p:Proteobacteria,c:Gammaproteobacteria,o:Enterobacterales,f:Enterobacteriaceae,g:Klebsiella
OTU_4641	0.6666666666666666	0.0	0.0	0.0	0.0	0.0	0.0	k:Bacteria,p:Firmicutes,c:Bacilli,o:Lactobacillales,f:Enterococcaceae,g:Enterococcus,s:Enterococcus_casseliflavus
OTU_15	2.3333333333333335	2812.6666666666665	0.0	1.3333333333333333	0.6666666666666666	3.3333333333333335	0.3333333333333333	k:Bacteria,p:Firmicutes,c:Bacilli,o:Lactobacillales,f:Lactobacillaceae,g:Lactobacillus,s:Lactobacillus_sakei
OTU_571	0.6666666666666666	1.0	0.3333333333333333	0.6666666666666666	0.0	1.0	0.0	k:Bacteria,p:Firmicutes,c:Bacilli,o:Thermoactinomycetales,f:Thermoactinomycetaceae
OTU_1332	0.6666666666666666	0.0	0.0	0.0	0.0	0.0	0.0	k:Bacteria,p:Firmicutes,c:Bacilli,o:Lactobacillales,f:Lactobacillaceae,g:Lactobacillus,s:Lactobacillus_plantarum
OTU_693	7.333333333333333	0.0	0.3333333333333333	5.0	1.3333333333333333	1.0	0.0	k:Bacteria,p:Firmicutes,c:Clostridia,o:Peptostreptococcales-Tissierellales,f:Peptostreptococcaceae,g:Terrisporobacter
OTU_73	2.3333333333333335	0.0	0.0	0.0	0.0	0.0	0.0	k:Bacteria,p:Firmicutes,c:Bacilli,o:Paenibacillales,f:Paenibacillaceae,g:Paenibacillus,s:Paenibacillus_camelliae
OTU_2325	2.6666666666666665	0.0	0.0	0.0	0.0	0.0	0.0	k:Bacteria,p:Firmicutes,c:Bacilli,o:Lactobacillales,f:Enterococcaceae,g:Enterococcus,s:Enterococcus_rivorum
OTU_779	0.6666666666666666	0.0	0.0	0.0	0.0	0.0	0.0	k:Bacteria,p:Proteobacteria,c:Gammaproteobacteria,o:Enterobacterales,f:Enterobacteriaceae
OTU_856	0.3333333333333333	0.3333333333333333	0.0	3.6666666666666665	4.333333333333333	5.666666666666667	2.6666666666666665	k:Bacteria,p:Proteobacteria,c:Gammaproteobacteria,o:Enterobacterales,f:Enterobacteriaceae,g:Escherichia-Shigella
OTU_2114	0.6666666666666666	0.0	0.3333333333333333	0.0	0.0	0.0	0.0	k:Bacteria,p:Proteobacteria,c:Gammaproteobacteria,o:Enterobacterales,f:Enterobacteriaceae,g:Enterobacter
OTU_818	0.3333333333333333	0.0	0.0	0.0	0.0	0.0	0.0	k:Bacteria,p:Firmicutes,c:Bacilli,o:Lactobacillales,f:Enterococcaceae,g:Enterococcus
OTU_1651	0.3333333333333333	0.0	0.0	0.0	0.0	0.0	0.0	k:Bacteria,p:Firmicutes,c:Bacilli,o:Lactobacillales,f:Enterococcaceae,g:Enterococcus
OTU_4089	4.0	0.0	0.0	0.0	0.0	0.0	0.0	k:Bacteria,p:Firmicutes,c:Bacilli,o:Paenibacillales,f:Paenibacillaceae,g:Paenibacillus
OTU_3146	1.0	0.0	1.0	1.0	0.3333333333333333	0.3333333333333333	0.0	k:Bacteria,p:Proteobacteria,c:Gammaproteobacteria,o:Enterobacterales,f:Enterobacteriaceae,g:Escherichia-Shigella
OTU_810	0.3333333333333333	0.0	0.0	0.0	0.0	0.0	0.0	k:Bacteria,p:Firmicutes,c:Bacilli,o:Bacillales
OTU_584	1.0	137.0	0.0	0.0	0.0	0.3333333333333333	0.0	k:Bacteria,p:Proteobacteria,c:Gammaproteobacteria,o:Enterobacterales,f:Enterobacteriaceae,g:Klebsiella
OTU_4642	0.6666666666666666	0.0	0.0	0.0	0.0	0.0	0.0	k:Bacteria,p:Proteobacteria,c:Gammaproteobacteria,o:Enterobacterales
OTU_2056	0.6666666666666666	0.0	0.0	0.0	0.0	0.0	0.0	k:Bacteria,p:Actinobacteriota,c:Actinobacteria,o:Micrococcales,f:Microbacteriaceae,g:Microbacterium
OTU_25	1.6666666666666667	2226.3333333333335	16.666666666666668	5.666666666666667	1.3333333333333333	157.33333333333334	6.833333333333333	k:Bacteria,p:Firmicutes,c:Bacilli,o:Lactobacillales,f:Leuconostocaceae,g:Weissella,s:Weissella_confusa
OTU_788	4.333333333333333	0.0	0.0	0.0	0.0	0.0	0.0	k:Bacteria,p:Firmicutes,c:Bacilli,o:Paenibacillales,f:Paenibacillaceae,g:Paenibacillus
OTU_1054	1.3333333333333333	0.0	0.0	0.0	0.0	0.0	0.0	k:Bacteria,p:Firmicutes,c:Bacilli,o:Erysipelotrichales,f:Erysipelotrichaceae,g:Turicibacter
OTU_568	1.6666666666666667	0.0	0.0	0.0	0.0	0.0	0.0	k:Bacteria,p:Firmicutes,c:Bacilli,o:Bacillales,f:Bacillaceae,g:Bacillus
OTU_493	1.0	0.0	0.0	1.3333333333333333	0.0	0.0	0.0	k:Bacteria,p:Proteobacteria,c:Gammaproteobacteria,o:Enterobacterales,f:Enterobacteriaceae
OTU_833	1.0	0.0	0.0	0.0	0.0	0.0	0.0	k:Bacteria,p:Firmicutes,c:Bacilli,o:Bacillales,f:Planococcaceae
OTU_2231	0.6666666666666666	0.0	0.0	0.0	0.3333333333333333	0.0	0.0	k:Bacteria,p:Proteobacteria,c:Gammaproteobacteria,o:Enterobacterales,f:Enterobacteriaceae
OTU_3370	0.6666666666666666	0.3333333333333333	0.0	0.6666666666666666	0.6666666666666666	1.0	0.0	k:Bacteria,p:Proteobacteria,c:Gammaproteobacteria,o:Enterobacterales,f:Enterobacteriaceae,g:Escherichia-Shigella
OTU_2540	3.3333333333333335	6.666666666666667	0.0	0.0	0.3333333333333333	2.3333333333333335	0.0	k:Bacteria,p:Proteobacteria,c:Gammaproteobacteria,o:Pseudomonadales,f:Pseudomonadaceae,g:Pseudomonas
OTU_4985	0.6666666666666666	0.0	0.0	0.0	0.0	0.0	0.0	k:Bacteria,p:Firmicutes,c:Bacilli,o:Paenibacillales,f:Paenibacillaceae,g:Paenibacillus
OTU_200	1.0	0.3333333333333333	2.3333333333333335	1.0	0.0	1.3333333333333333	0.5	k:Bacteria,p:Firmicutes,c:Bacilli,o:Lactobacillales,f:Lactobacillaceae,g:Lactobacillus,s:Lactobacillus_buchneri
OTU_47	3.0	0.0	0.3333333333333333	15.666666666666666	0.0	0.0	5.0	k:Bacteria,p:Firmicutes,c:Clostridia,o:Clostridiales,f:Clostridiaceae,g:Clostridium_sensu_stricto_1
OTU_1351	1.0	0.0	0.0	0.0	0.0	0.0	0.0	k:Bacteria,p:Proteobacteria,c:Gammaproteobacteria,o:Xanthomonadales,f:Xanthomonadaceae,g:Stenotrophomonas
OTU_801	3.6666666666666665	0.0	0.0	0.0	0.0	0.0	0.0	k:Bacteria,p:Firmicutes,c:Bacilli,o:Lactobacillales,f:Enterococcaceae,g:Enterococcus
OTU_2534	6.333333333333333	0.0	0.0	0.0	0.0	0.0	0.0	k:Bacteria,p:Firmicutes,c:Bacilli,o:Paenibacillales,f:Paenibacillaceae,g:Paenibacillus,s:Paenibacillus_sp._FSL_R5-0345
OTU_690	3.0	1.0	0.6666666666666666	2.3333333333333335	2.0	2.0	0.6666666666666666	k:Bacteria,p:Firmicutes,c:Bacilli,o:Lactobacillales,f:Lactobacillaceae,g:Lactobacillus,s:Lactobacillus_plantarum
OTU_1050	0.6666666666666666	0.0	0.0	0.0	0.0	0.0	0.0	k:Bacteria,p:Firmicutes,c:Bacilli,o:Paenibacillales,f:Paenibacillaceae,g:Paenibacillus
OTU_572	1.6666666666666667	0.0	0.0	0.0	0.0	0.0	0.0	k:Bacteria,p:Firmicutes,c:Bacilli,o:Bacillales,f:Planococcaceae,g:Psychrobacillus,s:Psychrobacillus_psychrodurans
OTU_2531	0.6666666666666666	0.0	0.0	0.0	0.0	0.0	0.0	k:Bacteria,p:Firmicutes,c:Bacilli,o:Lactobacillales,f:Lactobacillaceae,g:Lactobacillus
OTU_2027	0.6666666666666666	0.0	0.0	0.0	0.0	0.0	0.0	k:Bacteria,p:Firmicutes,c:Bacilli,o:Lactobacillales,f:Enterococcaceae,g:Enterococcus,s:Enterococcus_casseliflavus
OTU_360	0.6666666666666666	0.0	0.0	0.6666666666666666	0.3333333333333333	0.6666666666666666	0.0	k:Bacteria,p:Proteobacteria,c:Gammaproteobacteria,o:Enterobacterales,f:Enterobacteriaceae,g:Escherichia-Shigella
OTU_94	0.6666666666666666	0.6666666666666666	0.0	7.0	0.0	0.0	0.16666666666666666	k:Bacteria,p:Firmicutes,c:Clostridia,o:Clostridiales,f:Clostridiaceae,g:Clostridium_sensu_stricto_1
OTU_1339	1.3333333333333333	0.0	0.0	0.0	0.0	0.3333333333333333	0.0	k:Bacteria,p:Proteobacteria,c:Gammaproteobacteria,o:Pseudomonadales,f:Pseudomonadaceae,g:Pseudomonas
OTU_114	4.0	0.0	0.0	0.0	0.0	0.0	0.0	k:Bacteria,p:Actinobacteriota,c:Actinobacteria,o:Micrococcales,f:Microbacteriaceae,g:Microbacterium
OTU_51	4.666666666666667	60.0	1.0	2.0	0.3333333333333333	25.666666666666668	0.0	k:Bacteria,p:Proteobacteria,c:Gammaproteobacteria,o:Pseudomonadales,f:Pseudomonadaceae,g:Pseudomonas
OTU_1314	1.0	0.0	0.0	0.0	0.0	0.0	0.0	k:Bacteria,p:Proteobacteria,c:Gammaproteobacteria,o:Enterobacterales,f:Enterobacteriaceae,g:Enterobacter
OTU_141	2.6666666666666665	0.3333333333333333	0.0	0.0	0.0	0.0	0.0	k:Bacteria,p:Firmicutes,c:Bacilli,o:Lactobacillales,f:Enterococcaceae,g:Enterococcus,s:Enterococcus_sp._LF59
OTU_4434	0.6666666666666666	0.0	0.3333333333333333	0.0	0.0	0.0	0.0	k:Bacteria,p:Proteobacteria,c:Gammaproteobacteria,o:Enterobacterales,f:Enterobacteriaceae
OTU_1950	1.0	0.0	0.0	0.0	0.0	0.0	0.0	k:Bacteria,p:Proteobacteria,c:Gammaproteobacteria,o:Enterobacterales,f:Enterobacteriaceae,g:Escherichia-Shigella
OTU_2120	0.6666666666666666	0.0	0.0	0.0	0.0	0.0	0.0	k:Bacteria,p:Proteobacteria,c:Gammaproteobacteria,o:Alteromonadales
OTU_1343	0.6666666666666666	0.0	0.0	0.3333333333333333	0.0	0.0	0.0	k:Bacteria,p:Firmicutes,c:Clostridia,o:Clostridiales,f:Clostridiaceae,g:Clostridium_sensu_stricto_13
OTU_842	0.6666666666666666	0.0	0.0	0.0	0.0	0.0	0.0	k:Bacteria,p:Proteobacteria,c:Gammaproteobacteria
OTU_101	0.6666666666666666	0.6666666666666666	0.6666666666666666	0.6666666666666666	1.6666666666666667	1.6666666666666667	1.0	k:Bacteria,p:Firmicutes,c:Bacilli,o:Bacillales,f:Bacillaceae,g:Virgibacillus
OTU_309	0.3333333333333333	0.0	2.0	0.3333333333333333	0.3333333333333333	0.6666666666666666	0.16666666666666666	k:Bacteria,p:Firmicutes,c:Bacilli,o:Lactobacillales,f:Lactobacillaceae,g:Lactobacillus
OTU_3171	0.6666666666666666	0.6666666666666666	0.0	0.0	0.0	0.0	0.0	k:Bacteria,p:Firmicutes,c:Bacilli,o:Lactobacillales,f:Lactobacillaceae,g:Lactobacillus,s:Lactobacillus_acetotolerans_DSM_20749_
OTU_2529	0.3333333333333333	0.0	0.0	0.0	0.0	0.0	0.0	k:Bacteria,p:Firmicutes,c:Bacilli,o:Paenibacillales,f:Paenibacillaceae,g:Paenibacillus
OTU_222	0.3333333333333333	0.0	0.6666666666666666	1.0	0.3333333333333333	1.0	0.0	k:Bacteria,p:Firmicutes,c:Clostridia,o:Peptostreptococcales-Tissierellales,f:Peptostreptococcaceae,g:Romboutsia,s:Clostridium_sp._K39
OTU_2294	0.3333333333333333	1.0	0.0	0.6666666666666666	2.0	0.6666666666666666	0.5	k:Bacteria,p:Proteobacteria,c:Gammaproteobacteria,o:Enterobacterales,f:Enterobacteriaceae,g:Escherichia-Shigella
OTU_660	2.0	0.0	0.0	0.0	0.0	0.0	0.0	k:Bacteria,p:Proteobacteria,c:Gammaproteobacteria,o:Enterobacterales,f:Enterobacteriaceae,g:Salmonella
OTU_708	0.6666666666666666	0.3333333333333333	0.0	0.3333333333333333	0.0	0.3333333333333333	0.0	k:Bacteria,p:Firmicutes,c:Bacilli,o:Lactobacillales,f:Lactobacillaceae,g:Lactobacillus
OTU_768	1.3333333333333333	1.0	0.3333333333333333	0.6666666666666666	0.3333333333333333	2.0	0.16666666666666666	k:Bacteria,p:Firmicutes,c:Bacilli,o:Lactobacillales,f:Streptococcaceae,g:Streptococcus,s:Streptococcus_alactolyticus
OTU_2001	0.0	0.6666666666666666	0.0	0.0	0.3333333333333333	0.0	0.0	k:Bacteria,p:Firmicutes,c:Bacilli,o:Bacillales,f:Sporolactobacillaceae,g:Scopulibacillus
OTU_121	1.6666666666666667	0.0	0.0	0.0	0.0	0.0	0.0	k:Bacteria,p:Actinobacteriota,c:Actinobacteria,o:Micrococcales,f:Microbacteriaceae,g:Microbacterium
OTU_4343	1.3333333333333333	3.0	0.6666666666666666	0.6666666666666666	1.3333333333333333	2.0	1.1666666666666667	k:Bacteria,p:Firmicutes,c:Bacilli,o:Lactobacillales,f:Lactobacillaceae,g:Lactobacillus
OTU_1118	0.6666666666666666	0.0	0.0	0.0	0.0	0.0	0.0	k:Bacteria,p:Firmicutes,c:Bacilli,o:Paenibacillales,f:Paenibacillaceae,g:Paenibacillus,s:Paenibacillus_sp._FSL_R5-0345
OTU_2328	0.3333333333333333	0.0	0.0	0.0	0.0	0.0	0.0	k:Bacteria,p:Proteobacteria,c:Gammaproteobacteria
OTU_4378	0.6666666666666666	0.3333333333333333	0.0	0.0	0.0	0.0	0.0	k:Bacteria,p:Firmicutes,c:Bacilli,o:Lactobacillales,f:Lactobacillaceae,g:Lactobacillus
OTU_614	2.6666666666666665	0.0	0.0	0.0	0.0	0.0	0.0	k:Bacteria,p:Firmicutes,c:Bacilli,o:Lactobacillales,f:Enterococcaceae,g:Enterococcus,s:Enterococcus_faecium
OTU_1622	2.6666666666666665	0.0	0.0	0.0	0.0	0.0	0.0	k:Bacteria,p:Proteobacteria,c:Gammaproteobacteria,o:Pseudomonadales,f:Moraxellaceae,g:Acinetobacter,s:Acinetobacter_lwoffii_NCTC_5866_
OTU_95	0.3333333333333333	26.333333333333332	0.0	0.0	0.0	0.0	0.0	k:Bacteria,p:Proteobacteria,c:Gammaproteobacteria,o:Enterobacterales,f:Enterobacteriaceae,g:Klebsiella
OTU_306	1.3333333333333333	0.6666666666666666	1.6666666666666667	1.0	0.3333333333333333	2.6666666666666665	1.6666666666666667	k:Bacteria,p:Firmicutes,c:Bacilli,o:Lactobacillales,f:Lactobacillaceae,g:Lactobacillus
OTU_3612	0.3333333333333333	0.3333333333333333	0.0	0.0	0.0	0.0	0.16666666666666666	k:Bacteria,p:Firmicutes,c:Bacilli,o:Lactobacillales,f:Enterococcaceae,g:Enterococcus
OTU_2117	0.3333333333333333	0.0	0.0	0.0	0.0	0.0	0.0	k:Bacteria,p:Proteobacteria,c:Gammaproteobacteria,o:Enterobacterales,f:Enterobacteriaceae,g:Escherichia-Shigella
OTU_699	0.6666666666666666	0.0	0.0	0.6666666666666666	0.0	0.0	0.16666666666666666	k:Bacteria,p:Proteobacteria,c:Gammaproteobacteria,o:Enterobacterales,f:Erwiniaceae
OTU_410	2.0	0.0	0.3333333333333333	1.3333333333333333	0.3333333333333333	0.6666666666666666	0.0	k:Bacteria,p:Proteobacteria,c:Gammaproteobacteria,o:Enterobacterales,f:Enterobacteriaceae,g:Escherichia-Shigella
OTU_281	2.0	3.0	2.0	2.3333333333333335	1.6666666666666667	2.3333333333333335	2.3333333333333335	k:Bacteria,p:Firmicutes,c:Bacilli,o:Thermoactinomycetales,f:Thermoactinomycetaceae,g:Kroppenstedtia
OTU_239	0.3333333333333333	0.3333333333333333	0.0	0.3333333333333333	0.0	0.0	0.6666666666666666	k:Bacteria,p:Firmicutes,c:Bacilli,o:Bacillales,f:Sporolactobacillaceae
OTU_4365	0.3333333333333333	0.0	0.0	0.6666666666666666	0.3333333333333333	0.0	0.0	k:Bacteria,p:Firmicutes,c:Bacilli,o:Staphylococcales,f:Staphylococcaceae,g:Staphylococcus
OTU_839	1.3333333333333333	0.0	0.0	0.0	0.0	0.0	0.0	k:Bacteria,p:Proteobacteria,c:Gammaproteobacteria
OTU_838	0.6666666666666666	0.0	0.3333333333333333	0.3333333333333333	0.0	0.0	0.0	k:Bacteria,p:Proteobacteria,c:Gammaproteobacteria,o:Enterobacterales
OTU_2040	1.6666666666666667	0.6666666666666666	0.3333333333333333	0.0	1.3333333333333333	1.6666666666666667	0.3333333333333333	k:Bacteria,p:Firmicutes,c:Bacilli,o:Bacillales,f:Bacillaceae,g:Bacillus
OTU_1097	1.3333333333333333	0.0	0.0	0.0	0.0	0.0	0.0	k:Bacteria,p:Firmicutes,c:Bacilli,o:Bacillales,f:Planococcaceae,g:Solibacillus
OTU_2496	1.3333333333333333	0.0	0.0	0.0	0.0	0.3333333333333333	0.0	k:Bacteria,p:Proteobacteria,c:Gammaproteobacteria,o:Enterobacterales,f:Enterobacteriaceae,g:Escherichia-Shigella
OTU_418	0.3333333333333333	0.0	0.3333333333333333	0.6666666666666666	0.0	0.3333333333333333	0.0	k:Bacteria,p:Proteobacteria,c:Gammaproteobacteria,o:Enterobacterales,f:Enterobacteriaceae,g:Escherichia-Shigella
OTU_816	1.6666666666666667	0.0	0.0	0.3333333333333333	0.0	0.0	0.0	k:Bacteria,p:Proteobacteria,c:Gammaproteobacteria
OTU_874	0.0	0.0	0.6666666666666666	1.3333333333333333	0.3333333333333333	1.3333333333333333	0.0	k:Bacteria,p:Firmicutes,c:Clostridia,o:Clostridiales,f:Clostridiaceae,g:Clostridium_sensu_stricto_1
OTU_5322	1.0	0.0	0.0	0.0	0.0	0.0	0.0	k:Bacteria,p:Proteobacteria,c:Gammaproteobacteria,o:Enterobacterales,f:Enterobacteriaceae,g:Escherichia-Shigella,s:Escherichia_coli
OTU_341	1.3333333333333333	0.6666666666666666	0.0	0.3333333333333333	0.3333333333333333	0.6666666666666666	0.0	k:Bacteria,p:Firmicutes,c:Bacilli,o:Lactobacillales,f:Lactobacillaceae,g:Lactobacillus,s:Lactobacillus_pontis
OTU_122	1.3333333333333333	0.0	0.0	0.0	0.0	0.0	0.0	k:Bacteria,p:Firmicutes,c:Bacilli,o:Lactobacillales,f:Enterococcaceae,g:Enterococcus,s:Enterococcus_sulfureus
OTU_2566	1.0	0.0	0.0	0.0	0.0	0.0	0.0	k:Bacteria,p:Bacteroidota,c:Bacteroidia,o:Sphingobacteriales,f:Sphingobacteriaceae,g:Sphingobacterium
OTU_3529	0.6666666666666666	0.0	0.0	0.0	0.0	0.0	0.0	k:Bacteria,p:Firmicutes,c:Bacilli
OTU_1047	2.0	0.0	0.0	0.0	0.0	0.0	0.0	k:Bacteria,p:Firmicutes,c:Bacilli,o:Paenibacillales,f:Paenibacillaceae,g:Paenibacillus
OTU_4708	2.0	0.3333333333333333	0.0	0.0	0.0	0.0	0.0	k:Bacteria,p:Proteobacteria,c:Gammaproteobacteria,o:Enterobacterales,f:Enterobacteriaceae,g:Escherichia-Shigella
OTU_601	1.0	0.0	0.0	0.0	0.0	0.0	0.0	k:Bacteria,p:Proteobacteria,c:Gammaproteobacteria,o:Enterobacterales,f:Enterobacteriaceae,g:Escherichia-Shigella
OTU_1109	0.6666666666666666	0.0	0.0	0.0	0.0	0.0	0.0	k:Bacteria,p:Proteobacteria,c:Gammaproteobacteria,o:Burkholderiales,f:Alcaligenaceae,g:Verticiella
OTU_1110	0.3333333333333333	0.0	0.0	0.6666666666666666	0.3333333333333333	0.6666666666666666	0.0	k:Bacteria,p:Firmicutes,c:Clostridia,o:Peptostreptococcales-Tissierellales,f:Peptostreptococcaceae
OTU_39	0.3333333333333333	30.666666666666668	0.0	0.0	0.0	0.0	0.0	k:Bacteria,p:Proteobacteria,c:Alphaproteobacteria,o:Acetobacterales,f:Acetobacteraceae,g:Tanticharoenia,s:Tanticharoenia_sakaeratensis_NBRC_103193
OTU_2358	1.6666666666666667	0.0	0.0	0.0	0.0	0.0	0.0	k:Bacteria,p:Firmicutes,c:Bacilli,o:Lactobacillales,f:Enterococcaceae,g:Enterococcus,s:Enterococcus_faecalis
OTU_343	0.3333333333333333	0.0	0.0	0.0	0.0	0.6666666666666666	0.0	k:Bacteria,p:Firmicutes,c:Bacilli,o:Lactobacillales,f:Lactobacillaceae,g:Pediococcus,s:Pediococcus_acidilactici
OTU_2	0.3333333333333333	0.0	0.3333333333333333	10.333333333333334	12.666666666666666	14.0	24.166666666666668	k:Bacteria,p:Firmicutes,c:Bacilli,o:Lactobacillales,f:Streptococcaceae,g:Streptococcus,s:Streptococcus_alactolyticus
OTU_1749	0.6666666666666666	1.6666666666666667	0.6666666666666666	0.0	1.3333333333333333	0.6666666666666666	0.16666666666666666	k:Bacteria,p:Firmicutes,c:Bacilli,o:Lactobacillales,f:Lactobacillaceae,g:Lactobacillus,s:Lactobacillus_reuteri
OTU_2005	0.6666666666666666	0.0	0.0	0.0	0.0	0.0	0.0	k:Bacteria,p:Proteobacteria,c:Gammaproteobacteria,o:Enterobacterales,f:Enterobacteriaceae
OTU_424	1.3333333333333333	0.0	0.3333333333333333	1.3333333333333333	0.0	0.3333333333333333	0.0	k:Bacteria,p:Firmicutes,c:Clostridia,o:Peptostreptococcales-Tissierellales,f:Peptostreptococcaceae,g:Romboutsia
OTU_1419	0.3333333333333333	0.6666666666666666	0.0	0.3333333333333333	0.0	0.3333333333333333	0.3333333333333333	k:Bacteria,p:Firmicutes,c:Bacilli,o:Thermoactinomycetales,f:Thermoactinomycetaceae,g:Kroppenstedtia,s:Kroppenstedtia_eburnea
OTU_1987	0.6666666666666666	0.0	0.0	0.0	0.0	0.0	0.0	k:Bacteria,p:Firmicutes,c:Bacilli,o:Lactobacillales,f:Lactobacillaceae,g:Lactobacillus,s:Lactobacillus_buchneri
OTU_628	2.3333333333333335	0.0	0.0	0.0	0.0	0.0	0.0	k:Bacteria,p:Firmicutes,c:Bacilli,o:Paenibacillales,f:Paenibacillaceae,g:Paenibacillus,s:Paenibacillus_sp._canine_oral_taxon_438
OTU_71	1.3333333333333333	4.333333333333333	47.0	0.6666666666666666	0.0	0.0	0.16666666666666666	k:Bacteria,p:Firmicutes,c:Clostridia,o:Peptostreptococcales-Tissierellales,f:Peptostreptococcaceae,g:Romboutsia
OTU_388	0.3333333333333333	10.666666666666666	0.0	0.0	0.0	0.0	0.0	k:Bacteria,p:Firmicutes,c:Bacilli,o:Lactobacillales,f:Streptococcaceae,g:Streptococcus
OTU_603	2.3333333333333335	0.0	0.0	0.0	0.0	0.6666666666666666	0.0	k:Bacteria,p:Proteobacteria,c:Gammaproteobacteria,o:B2M28
OTU_1535	1.0	0.0	0.0	0.0	0.0	0.0	0.0	k:Bacteria,p:Firmicutes,c:Bacilli,o:Paenibacillales,f:Paenibacillaceae,g:Paenibacillus,s:Paenibacillus_sp._THG-YS_2.4
OTU_1107	0.3333333333333333	0.0	0.0	0.0	0.0	0.3333333333333333	0.0	k:Bacteria,p:Firmicutes,c:Bacilli,o:Lactobacillales,f:Lactobacillaceae,g:Lactobacillus,s:Lactobacillus_acidipiscis
OTU_3128	0.3333333333333333	0.0	0.0	0.0	0.0	0.0	0.0	k:Bacteria,p:Proteobacteria,c:Gammaproteobacteria,o:Pseudomonadales,f:Moraxellaceae,g:Psychrobacter
OTU_692	0.6666666666666666	0.0	0.0	0.0	0.0	0.0	0.0	k:Bacteria,p:Firmicutes,c:Bacilli,o:Paenibacillales,f:Paenibacillaceae,g:Paenibacillus
OTU_663	2.0	0.0	0.0	0.0	0.0	0.0	0.0	k:Bacteria,p:Firmicutes,c:Bacilli,o:Paenibacillales,f:Paenibacillaceae,g:Paenibacillus
OTU_5139	1.0	0.0	0.6666666666666666	1.0	0.3333333333333333	1.3333333333333333	0.0	k:Bacteria,p:Proteobacteria,c:Gammaproteobacteria,o:Enterobacterales,f:Enterobacteriaceae,g:Escherichia-Shigella
OTU_1101	0.6666666666666666	0.0	0.0	0.0	0.0	0.0	0.0	k:Bacteria,p:Firmicutes,c:Bacilli,o:Bacillales,f:Planococcaceae,g:Solibacillus
OTU_3167	1.0	0.0	0.0	0.0	0.0	0.0	0.0	k:Bacteria,p:Proteobacteria,c:Gammaproteobacteria,o:Enterobacterales,f:Enterobacteriaceae
OTU_864	0.3333333333333333	0.6666666666666666	0.0	0.0	0.3333333333333333	0.3333333333333333	0.0	k:Bacteria,p:Proteobacteria,c:Gammaproteobacteria,o:Enterobacterales,f:Enterobacteriaceae,g:Escherichia-Shigella
OTU_831	1.0	0.0	0.6666666666666666	1.3333333333333333	0.0	0.6666666666666666	0.0	k:Bacteria
OTU_103	3.0	0.0	0.0	0.0	0.0	0.0	0.0	k:Bacteria,p:Proteobacteria,c:Gammaproteobacteria,o:Burkholderiales,f:Comamonadaceae,g:Acidovorax
OTU_5224	1.6666666666666667	0.0	0.0	0.0	0.0	0.0	0.0	k:Bacteria,p:Firmicutes,c:Bacilli,o:Paenibacillales,f:Paenibacillaceae,g:Paenibacillus,s:Paenibacillus_sp._canine_oral_taxon_438
OTU_1627	0.6666666666666666	0.3333333333333333	0.0	0.3333333333333333	0.0	1.3333333333333333	0.0	k:Bacteria,p:Proteobacteria,c:Gammaproteobacteria,o:Enterobacterales,f:Enterobacteriaceae,g:Klebsiella
OTU_4948	1.0	0.0	0.0	0.0	0.0	0.0	0.0	k:Bacteria,p:Firmicutes,c:Bacilli,o:Paenibacillales,f:Paenibacillaceae,g:Paenibacillus
OTU_1534	1.3333333333333333	0.0	0.6666666666666666	0.0	0.0	0.0	0.0	k:Bacteria,p:Proteobacteria,c:Gammaproteobacteria,o:Enterobacterales,f:Enterobacteriaceae,g:Escherichia-Shigella
OTU_4368	0.3333333333333333	0.0	0.0	0.6666666666666666	0.0	0.0	0.0	k:Bacteria,p:Proteobacteria,c:Gammaproteobacteria,o:Enterobacterales,f:Enterobacteriaceae,g:Escherichia-Shigella
OTU_4079	0.3333333333333333	0.0	0.0	0.0	0.0	0.0	0.0	k:Bacteria,p:Proteobacteria,c:Gammaproteobacteria,o:Enterobacterales,f:Enterobacteriaceae,g:Escherichia-Shigella
OTU_111	1.6666666666666667	0.0	0.0	0.0	0.0	0.0	0.0	k:Bacteria,p:Firmicutes,c:Bacilli,o:Lactobacillales,f:Enterococcaceae,g:Enterococcus
OTU_3081	0.0	0.0	0.0	0.3333333333333333	0.0	0.0	0.0	k:Bacteria,p:Firmicutes,c:Clostridia,o:Peptostreptococcales-Tissierellales,f:Peptostreptococcaceae,g:Terrisporobacter,s:Terrisporobacter_glycolicus
OTU_3684	0.3333333333333333	0.0	0.0	0.0	0.0	0.3333333333333333	0.0	k:Bacteria,p:Firmicutes,c:Bacilli,o:Lactobacillales,f:Streptococcaceae,g:Streptococcus
OTU_1883	0.3333333333333333	0.0	0.0	0.3333333333333333	0.0	0.0	0.0	k:Bacteria,p:Firmicutes,c:Bacilli,o:Paenibacillales,f:Paenibacillaceae,g:Paenibacillus
OTU_1972	1.3333333333333333	0.0	0.0	0.0	0.0	0.0	0.0	k:Bacteria,p:Proteobacteria,c:Gammaproteobacteria,o:Pseudomonadales,f:Moraxellaceae,g:Psychrobacter
OTU_4084	0.3333333333333333	0.0	0.0	0.0	0.0	0.0	0.0	k:Bacteria,p:Proteobacteria,c:Gammaproteobacteria,o:Enterobacterales,f:Enterobacteriaceae,g:Klebsiella
OTU_668	2.0	0.0	0.0	0.0	0.0	0.0	0.0	k:Bacteria,p:Actinobacteriota,c:Actinobacteria,o:Micrococcales,f:Microbacteriaceae,g:Leucobacter,s:Leucobacter_tardus
OTU_3937	0.3333333333333333	0.0	0.0	0.0	0.0	0.0	0.0	k:Bacteria,p:Proteobacteria,c:Gammaproteobacteria,o:Burkholderiales,f:Alcaligenaceae,g:Pigmentiphaga
OTU_570	1.0	0.0	0.0	0.0	0.0	0.0	0.0	k:Bacteria,p:Proteobacteria,c:Gammaproteobacteria,o:Enterobacterales,f:Enterobacteriaceae,g:Klebsiella
OTU_2336	0.6666666666666666	1.0	0.0	0.3333333333333333	0.0	0.0	0.16666666666666666	k:Bacteria,p:Proteobacteria,c:Gammaproteobacteria,o:Enterobacterales,f:Enterobacteriaceae,g:Escherichia-Shigella
OTU_158	0.3333333333333333	0.0	0.3333333333333333	0.0	0.3333333333333333	0.0	0.0	k:Bacteria,p:Firmicutes,c:Bacilli,o:Lactobacillales,f:Streptococcaceae,g:Streptococcus
OTU_484	0.3333333333333333	0.0	0.0	4.0	2.3333333333333335	8.666666666666666	0.3333333333333333	k:Bacteria,p:Firmicutes,c:Bacilli,o:Lactobacillales,f:Streptococcaceae,g:Streptococcus,s:Streptococcus_alactolyticus
OTU_4636	0.6666666666666666	0.0	0.0	0.0	0.0	0.0	0.16666666666666666	k:Bacteria,p:Firmicutes,c:Bacilli,o:Bacillales,f:Sporolactobacillaceae
OTU_3198	0.3333333333333333	0.0	0.0	0.0	0.3333333333333333	0.3333333333333333	0.0	k:Bacteria,p:Firmicutes,c:Bacilli,o:Lactobacillales,f:Lactobacillaceae,g:Lactobacillus
OTU_3588	1.0	0.0	0.0	0.0	0.0	0.0	0.0	k:Bacteria,p:Firmicutes,c:Bacilli,o:Paenibacillales,f:Paenibacillaceae,g:Paenibacillus,s:Paenibacillus_sp._FSL_R5-0345
OTU_4067	1.0	0.6666666666666666	0.3333333333333333	0.3333333333333333	0.0	1.3333333333333333	0.16666666666666666	k:Bacteria,p:Firmicutes,c:Bacilli,o:Lactobacillales,f:Streptococcaceae,g:Streptococcus,s:Streptococcus_alactolyticus
OTU_1006	0.0	1.0	0.0	0.0	0.0	0.0	0.0	k:Bacteria,p:Proteobacteria,c:Gammaproteobacteria,o:Enterobacterales,f:Enterobacteriaceae,g:Klebsiella,s:Klebsiella_pneumoniae
OTU_1099	0.6666666666666666	0.3333333333333333	0.0	0.0	0.3333333333333333	0.0	0.0	k:Bacteria,p:Proteobacteria,c:Gammaproteobacteria,o:Enterobacterales,f:Enterobacteriaceae,g:Escherichia-Shigella,s:Escherichia_coli
OTU_1621	0.0	0.0	0.0	0.0	0.0	0.0	0.0	k:Bacteria,p:Bacteroidota,c:Bacteroidia,o:Sphingobacteriales,f:Sphingobacteriaceae,g:Sphingobacterium
OTU_802	1.3333333333333333	0.0	0.0	0.0	0.0	0.0	0.0	k:Bacteria,p:Firmicutes,c:Bacilli,o:Paenibacillales,f:Paenibacillaceae,g:Paenibacillus
OTU_4152	0.3333333333333333	0.0	0.0	0.0	0.0	0.0	0.0	k:Bacteria,p:Firmicutes,c:Bacilli,o:Lactobacillales,f:Enterococcaceae,g:Enterococcus,s:Enterococcus_rivorum
OTU_56	0.6666666666666666	0.0	0.0	0.3333333333333333	0.3333333333333333	15.0	0.0	k:Bacteria,p:Firmicutes,c:Bacilli,o:Lactobacillales,f:Streptococcaceae,g:Streptococcus
OTU_666	1.3333333333333333	0.0	0.0	0.0	0.0	0.0	0.0	k:Bacteria,p:Firmicutes,c:Bacilli,o:Paenibacillales,f:Paenibacillaceae,g:Paenibacillus
OTU_28	0.0	1.0	0.0	0.0	0.0	0.6666666666666666	0.0	k:Bacteria,p:Firmicutes,c:Bacilli,o:Lactobacillales,f:Enterococcaceae,g:Enterococcus
OTU_2100	0.3333333333333333	0.0	0.0	0.0	0.0	0.0	0.0	k:Bacteria,p:Firmicutes,c:Bacilli,o:Lactobacillales,f:Enterococcaceae,g:Enterococcus
OTU_1782	0.0	0.0	0.6666666666666666	0.0	0.6666666666666666	0.3333333333333333	0.0	k:Bacteria,p:Firmicutes,c:Clostridia,o:Clostridiales,f:Clostridiaceae
OTU_1640	0.3333333333333333	0.0	0.0	0.0	0.0	0.0	0.0	k:Bacteria,p:Actinobacteriota,c:Actinobacteria,o:Micrococcales,f:Cellulomonadaceae,g:Oerskovia
OTU_944	0.6666666666666666	0.0	0.0	0.6666666666666666	0.6666666666666666	0.3333333333333333	0.0	k:Bacteria,p:Firmicutes,c:Bacilli,o:Bacillales,f:Bacillaceae,g:Bacillus
OTU_1271	0.6666666666666666	0.3333333333333333	0.0	0.0	0.3333333333333333	0.3333333333333333	0.16666666666666666	k:Bacteria,p:Firmicutes,c:Bacilli,o:Bacillales,f:Bacillaceae,g:Bacillus
OTU_671	0.0	0.0	0.3333333333333333	0.3333333333333333	0.0	0.0	0.0	k:Bacteria,p:Proteobacteria,c:Gammaproteobacteria,o:Enterobacterales,f:Enterobacteriaceae,g:Escherichia-Shigella
OTU_2798	0.6666666666666666	0.0	0.0	0.3333333333333333	0.0	0.0	0.0	k:Bacteria,p:Bacteroidota,c:Bacteroidia,o:Flavobacteriales,f:Weeksellaceae,g:Chryseobacterium
OTU_3089	0.3333333333333333	0.0	0.0	0.0	0.0	0.0	0.0	k:Bacteria,p:Firmicutes,c:Bacilli,o:Lactobacillales,f:Enterococcaceae,g:Enterococcus,s:Enterococcus_asini_ATCC_700915
OTU_861	0.6666666666666666	0.0	0.3333333333333333	0.0	0.3333333333333333	0.0	0.0	k:Bacteria,p:Firmicutes,c:Clostridia,o:Clostridiales,f:Clostridiaceae,g:Clostridium_sensu_stricto_1,s:Clostridium_beijerinckii
OTU_1940	0.3333333333333333	0.0	0.0	0.0	0.0	0.0	0.0	k:Bacteria,p:Actinobacteriota,c:Actinobacteria,o:Micrococcales,f:Microbacteriaceae,g:Leucobacter
OTU_116	0.0	0.0	0.0	0.3333333333333333	0.0	3.0	0.16666666666666666	k:Bacteria,p:Firmicutes,c:Bacilli,o:Lactobacillales,f:Aerococcaceae,g:Globicatella
OTU_5175	0.0	0.0	0.0	0.3333333333333333	0.0	0.0	0.0	k:Bacteria,p:Proteobacteria,c:Gammaproteobacteria,o:Enterobacterales,f:Enterobacteriaceae,g:Escherichia-Shigella
OTU_1123	2.0	0.0	0.0	0.0	0.0	0.0	0.0	k:Bacteria,p:Firmicutes,c:Clostridia,o:Clostridiales,f:Clostridiaceae,g:Clostridium_sensu_stricto_1
OTU_98	0.0	0.0	0.0	0.0	0.0	4.666666666666667	0.16666666666666666	k:Bacteria,p:Firmicutes,c:Bacilli,o:Lactobacillales,f:Streptococcaceae,g:Streptococcus,s:Streptococcus_suis
OTU_1650	0.6666666666666666	0.6666666666666666	0.6666666666666666	0.3333333333333333	0.3333333333333333	1.0	0.16666666666666666	k:Bacteria,p:Firmicutes,c:Bacilli,o:Lactobacillales,f:Streptococcaceae,g:Streptococcus
OTU_3372	0.0	0.3333333333333333	0.0	0.0	0.0	0.3333333333333333	0.16666666666666666	k:Bacteria,p:Firmicutes,c:Bacilli,o:Lactobacillales,f:Streptococcaceae,g:Streptococcus
OTU_55	0.6666666666666666	9.0	0.6666666666666666	0.0	0.0	0.3333333333333333	0.0	k:Bacteria,p:Firmicutes,c:Bacilli,o:Lactobacillales,f:Streptococcaceae,g:Lactococcus,s:Lactococcus_garvieae
OTU_37	1.6666666666666667	4.333333333333333	0.0	3.6666666666666665	3.3333333333333335	4.333333333333333	1.6666666666666667	k:Bacteria,p:Proteobacteria,c:Gammaproteobacteria,o:Pseudomonadales,f:Moraxellaceae,g:Acinetobacter,s:Acinetobacter_junii
OTU_617	1.0	0.0	0.0	0.0	0.0	0.3333333333333333	0.0	k:Bacteria,p:Bacteroidota,c:Bacteroidia,o:Flavobacteriales,f:Weeksellaceae,g:Chryseobacterium
OTU_1547	0.3333333333333333	0.0	0.0	0.0	0.0	0.0	0.0	k:Bacteria,p:Proteobacteria,c:Alphaproteobacteria,o:Acetobacterales,f:Acetobacteraceae,g:Roseomonas
OTU_1939	1.0	0.0	0.0	0.0	0.0	0.0	0.0	k:Bacteria,p:Firmicutes,c:Bacilli,o:Bacillales,f:Bacillaceae
OTU_489	0.3333333333333333	1.0	0.0	0.6666666666666666	0.3333333333333333	0.3333333333333333	0.16666666666666666	k:Bacteria,p:Proteobacteria,c:Gammaproteobacteria,o:Enterobacterales,f:Enterobacteriaceae,g:Escherichia-Shigella
OTU_1644	0.6666666666666666	0.0	0.0	0.0	0.0	0.0	0.0	k:Bacteria,p:Firmicutes,c:Clostridia,o:Lachnospirales,f:Lachnospiraceae,g:Cellulosilyticum,s:bacterium_PS7
OTU_2753	0.3333333333333333	0.0	0.0	0.0	0.0	0.0	0.0	k:Bacteria,p:Firmicutes,c:Clostridia,o:Lachnospirales,f:Lachnospiraceae,g:Cellulosilyticum
OTU_3898	0.3333333333333333	0.0	0.0	0.0	0.0	0.0	0.0	k:Bacteria,p:Proteobacteria,c:Gammaproteobacteria,o:Enterobacterales,f:Enterobacteriaceae,g:Citrobacter
OTU_21	0.3333333333333333	1472.3333333333333	7.333333333333333	0.3333333333333333	0.3333333333333333	4.0	0.0	k:Bacteria,p:Firmicutes,c:Bacilli,o:Lactobacillales,f:Streptococcaceae,g:Lactococcus,s:Lactococcus_lactis
OTU_328	0.0	0.0	0.0	0.0	0.0	0.0	0.6666666666666666	k:Bacteria,p:Firmicutes,c:Bacilli,o:Lactobacillales,f:Lactobacillaceae,g:Lactobacillus
OTU_1301	0.3333333333333333	0.0	1.0	0.0	0.0	0.6666666666666666	0.0	k:Bacteria,p:Firmicutes,c:Bacilli,o:Lactobacillales,f:Lactobacillaceae,g:Lactobacillus
OTU_153	1.6666666666666667	1.3333333333333333	0.3333333333333333	1.6666666666666667	0.6666666666666666	2.6666666666666665	1.1666666666666667	k:Bacteria,p:Firmicutes,c:Bacilli,o:Thermoactinomycetales,f:Thermoactinomycetaceae,g:Kroppenstedtia
OTU_3337	0.3333333333333333	0.3333333333333333	0.0	0.0	0.0	0.3333333333333333	0.16666666666666666	k:Bacteria,p:Proteobacteria,c:Gammaproteobacteria,o:Enterobacterales,f:Enterobacteriaceae,g:Escherichia-Shigella
OTU_1994	0.6666666666666666	0.0	0.0	0.0	0.0	0.0	0.0	k:Bacteria,p:Firmicutes,c:Bacilli,o:Paenibacillales,f:Paenibacillaceae,g:Paenibacillus
OTU_700	0.3333333333333333	0.0	0.3333333333333333	0.6666666666666666	0.0	0.3333333333333333	0.0	k:Bacteria,p:Proteobacteria,c:Gammaproteobacteria,o:Enterobacterales,f:Enterobacteriaceae,g:Escherichia-Shigella
OTU_123	0.3333333333333333	0.0	0.0	2.3333333333333335	0.0	0.0	0.0	k:Bacteria,p:Firmicutes,c:Clostridia,o:Clostridiales,f:Clostridiaceae,g:Clostridium_sensu_stricto_1,s:Clostridium_sp._ND2
OTU_4709	0.6666666666666666	0.0	0.0	0.0	0.0	0.0	0.0	k:Bacteria,p:Firmicutes,c:Bacilli,o:Lactobacillales,f:Leuconostocaceae,g:Weissella,s:Weissella_hellenica
OTU_1300	0.3333333333333333	0.0	0.3333333333333333	0.3333333333333333	0.0	0.0	0.0	k:Bacteria,p:Proteobacteria,c:Alphaproteobacteria,o:Acetobacterales,f:Acetobacteraceae,g:Acetobacter,s:Acetobacter_pasteurianus
OTU_2837	0.0	0.6666666666666666	0.3333333333333333	0.0	0.0	0.0	0.0	k:Bacteria,p:Proteobacteria,c:Gammaproteobacteria,o:Enterobacterales,f:Enterobacteriaceae,g:Escherichia-Shigella
OTU_1120	1.3333333333333333	0.0	0.0	0.0	0.0	0.0	0.0	k:Bacteria,p:Firmicutes,c:Clostridia,o:Clostridiales,f:Clostridiaceae,g:Clostridium_sensu_stricto_1
OTU_1385	0.3333333333333333	0.0	0.0	0.0	0.0	0.3333333333333333	0.0	k:Bacteria,p:Firmicutes,c:Bacilli,o:Bacillales,f:Bacillaceae,g:Bacillus,s:Bacillus_fortis
OTU_1849	0.3333333333333333	0.3333333333333333	0.0	0.0	0.3333333333333333	0.0	0.0	k:Bacteria,p:Proteobacteria,c:Gammaproteobacteria,o:Enterobacterales,f:Enterobacteriaceae,g:Escherichia-Shigella
OTU_806	0.0	0.0	0.0	0.0	0.0	0.3333333333333333	0.0	k:Bacteria,p:Proteobacteria,c:Alphaproteobacteria,o:Dongiales,f:Dongiaceae,g:Dongia
OTU_1537	1.0	0.0	0.0	0.0	0.0	0.0	0.0	k:Bacteria,p:Proteobacteria,c:Gammaproteobacteria,o:Enterobacterales,f:Enterobacteriaceae
OTU_2556	0.3333333333333333	0.0	0.0	0.0	0.0	0.0	0.16666666666666666	k:Bacteria,p:Firmicutes,c:Bacilli,o:Lactobacillales,f:Lactobacillaceae,g:Lactobacillus
OTU_2666	0.0	0.3333333333333333	0.0	0.0	0.0	0.3333333333333333	0.0	k:Bacteria,p:Proteobacteria,c:Gammaproteobacteria,o:Enterobacterales,f:Enterobacteriaceae,g:Escherichia-Shigella
OTU_4160	0.3333333333333333	0.0	0.0	0.0	0.0	0.0	0.0	k:Bacteria,p:Proteobacteria,c:Gammaproteobacteria,o:Enterobacterales,f:Enterobacteriaceae
OTU_567	0.3333333333333333	0.0	0.0	0.0	0.0	0.6666666666666666	0.3333333333333333	k:Bacteria,p:Firmicutes,c:Bacilli,o:Lactobacillales,f:Lactobacillaceae,g:Lactobacillus,s:Lactobacillus_heilongjiangensis
OTU_1992	1.3333333333333333	0.0	0.0	0.0	0.0	0.0	0.0	k:Bacteria,p:Proteobacteria,c:Gammaproteobacteria,o:Pseudomonadales,f:Pseudomonadaceae,g:Pseudomonas
OTU_1674	1.0	2.6666666666666665	3.6666666666666665	1.3333333333333333	4.0	1.3333333333333333	3.3333333333333335	k:Bacteria,p:Firmicutes,c:Bacilli,o:Lactobacillales,f:Lactobacillaceae,g:Lactobacillus,s:Lactobacillus_pontis
OTU_2855	0.6666666666666666	0.3333333333333333	0.0	0.3333333333333333	0.0	0.0	0.3333333333333333	k:Bacteria,p:Firmicutes,c:Bacilli,o:Bacillales,f:Bacillaceae,g:Bacillus
OTU_124	0.0	0.3333333333333333	0.0	0.0	0.6666666666666666	0.0	0.3333333333333333	k:Bacteria,p:Firmicutes,c:Bacilli,o:Bacillales,f:Bacillaceae,g:Oceanobacillus
OTU_709	0.0	0.0	0.3333333333333333	0.6666666666666666	0.6666666666666666	0.0	0.16666666666666666	k:Bacteria,p:Firmicutes,c:Bacilli,o:Bacillales,f:Bacillaceae,g:Bacillus
OTU_819	0.3333333333333333	0.0	0.0	0.0	0.0	0.0	0.16666666666666666	k:Bacteria,p:Firmicutes,c:Bacilli,o:Lactobacillales,f:Lactobacillaceae,g:Lactobacillus
OTU_205	0.0	0.0	1.0	0.0	0.6666666666666666	0.6666666666666666	0.16666666666666666	k:Bacteria,p:Firmicutes,c:Bacilli,o:Bacillales,f:Bacillaceae,g:Oceanobacillus
OTU_461	0.0	2.0	0.3333333333333333	1.6666666666666667	0.0	0.3333333333333333	0.5	k:Bacteria,p:Firmicutes,c:Bacilli,o:Bacillales,f:Sporolactobacillaceae,g:Scopulibacillus
OTU_325	0.3333333333333333	0.3333333333333333	0.0	0.0	0.0	0.3333333333333333	0.6666666666666666	k:Bacteria,p:Firmicutes,c:Bacilli,o:Bacillales,f:Bacillaceae,g:Bacillus
OTU_2018	0.3333333333333333	0.3333333333333333	0.0	0.0	0.0	0.0	0.0	k:Bacteria,p:Proteobacteria,c:Gammaproteobacteria,o:Pseudomonadales,f:Pseudomonadaceae,g:Pseudomonas
OTU_3668	0.3333333333333333	0.3333333333333333	0.0	0.0	0.0	0.0	0.0	k:Bacteria,p:Firmicutes,c:Bacilli,o:Lactobacillales,f:Leuconostocaceae,g:Weissella,s:Weissella_hellenica
OTU_3070	0.0	1.6666666666666667	0.0	0.0	0.6666666666666666	0.3333333333333333	0.0	k:Bacteria,p:Firmicutes,c:Bacilli,o:Lactobacillales,f:Lactobacillaceae,g:Lactobacillus
OTU_143	0.3333333333333333	0.0	0.0	0.3333333333333333	0.0	0.0	0.16666666666666666	k:Bacteria,p:Firmicutes,c:Bacilli,o:Lactobacillales,f:Streptococcaceae,g:Streptococcus
OTU_1943	0.3333333333333333	0.0	0.0	0.0	0.0	0.0	0.0	k:Bacteria,p:Actinobacteriota,c:Actinobacteria,o:Corynebacteriales,f:Corynebacteriaceae,g:Corynebacterium
OTU_429	0.0	0.3333333333333333	0.0	0.3333333333333333	0.6666666666666666	0.3333333333333333	0.16666666666666666	k:Bacteria,p:Firmicutes,c:Bacilli,o:Lactobacillales,f:Lactobacillaceae,g:Lactobacillus,s:Lactobacillus_pontis
OTU_5527	0.3333333333333333	0.0	0.0	0.0	0.0	0.0	0.0	k:Bacteria,p:Firmicutes,c:Bacilli,o:Paenibacillales,f:Paenibacillaceae,g:Paenibacillus
OTU_1526	0.0	0.0	0.0	0.0	0.0	0.0	0.0	k:Bacteria,p:Proteobacteria,c:Gammaproteobacteria,o:Enterobacterales,f:Enterobacteriaceae,g:Escherichia-Shigella
OTU_3116	0.3333333333333333	0.6666666666666666	0.0	0.0	0.0	0.0	0.0	k:Bacteria,p:Proteobacteria,c:Gammaproteobacteria,o:Pseudomonadales,f:Pseudomonadaceae,g:Pseudomonas
OTU_189	0.6666666666666666	0.6666666666666666	0.0	0.0	1.0	1.3333333333333333	0.0	k:Bacteria,p:Firmicutes,c:Bacilli,o:Bacillales,f:Bacillaceae,g:Bacillus
OTU_1306	0.3333333333333333	0.0	0.0	0.0	0.0	0.0	0.0	k:Bacteria,p:Bacteroidota,c:Bacteroidia,o:Sphingobacteriales,f:Sphingobacteriaceae,g:Pedobacter
OTU_4280	0.6666666666666666	0.6666666666666666	0.0	0.0	0.0	0.0	0.0	k:Bacteria,p:Firmicutes,c:Bacilli,o:Bacillales,f:Bacillaceae,g:Bacillus,s:Bacillus_licheniformis
OTU_1348	0.3333333333333333	0.0	0.0	0.0	0.3333333333333333	0.0	0.0	k:Bacteria,p:Proteobacteria,c:Gammaproteobacteria,o:Enterobacterales,f:Enterobacteriaceae,g:Escherichia-Shigella
OTU_1568	0.3333333333333333	19.333333333333332	0.0	0.0	0.0	0.0	0.0	k:Bacteria,p:Firmicutes,c:Bacilli,o:Lactobacillales,f:Enterococcaceae,g:Enterococcus
OTU_4651	0.3333333333333333	0.0	0.0	0.0	0.0	0.0	0.0	k:Bacteria,p:Proteobacteria,c:Gammaproteobacteria,o:Xanthomonadales,f:Xanthomonadaceae,g:Luteimonas
OTU_3149	0.3333333333333333	0.0	0.0	0.0	0.3333333333333333	0.3333333333333333	0.0	k:Bacteria,p:Proteobacteria,c:Gammaproteobacteria,o:Enterobacterales,f:Enterobacteriaceae,g:Escherichia-Shigella,s:Escherichia_coli
OTU_475	0.3333333333333333	0.0	0.0	0.0	0.0	0.3333333333333333	0.0	k:Bacteria,p:Proteobacteria,c:Gammaproteobacteria,o:Enterobacterales,f:Enterobacteriaceae,g:Escherichia-Shigella
OTU_291	0.3333333333333333	0.6666666666666666	0.3333333333333333	0.6666666666666666	1.3333333333333333	0.6666666666666666	0.0	k:Bacteria,p:Firmicutes,c:Bacilli,o:Lactobacillales,f:Lactobacillaceae,g:Lactobacillus,s:Lactobacillus_brevis
OTU_3893	0.3333333333333333	0.0	0.0	0.0	0.0	0.0	0.0	k:Bacteria,p:Firmicutes,c:Bacilli,o:Lactobacillales,f:Enterococcaceae,g:Enterococcus,s:Enterococcus_xinjiangensis
OTU_176	0.0	0.0	0.0	0.0	0.3333333333333333	0.0	0.16666666666666666	k:Bacteria,p:Firmicutes,c:Bacilli,o:Lactobacillales,f:Lactobacillaceae,g:Lactobacillus
OTU_213	0.3333333333333333	0.0	0.6666666666666666	0.0	0.3333333333333333	0.0	0.16666666666666666	k:Bacteria,p:Firmicutes,c:Bacilli,o:Lactobacillales,f:Lactobacillaceae,g:Lactobacillus,s:Lactobacillus_buchneri
OTU_1565	0.0	0.0	0.0	0.3333333333333333	0.0	0.0	0.0	k:Bacteria,p:Firmicutes,c:Bacilli,o:Lactobacillales,f:Streptococcaceae,g:Lactococcus,s:Lactococcus_lactis
OTU_1267	0.3333333333333333	0.3333333333333333	0.3333333333333333	1.3333333333333333	0.6666666666666666	0.6666666666666666	0.6666666666666666	k:Bacteria,p:Firmicutes,c:Bacilli,o:Bacillales,f:Bacillaceae,g:Oceanobacillus
OTU_1116	0.0	0.0	0.0	0.0	0.0	0.0	0.0	k:Bacteria,p:Actinobacteriota,c:Acidimicrobiia,o:IMCC26256
OTU_24	0.3333333333333333	0.0	0.3333333333333333	1.0	0.6666666666666666	0.0	0.0	k:Bacteria,p:Firmicutes,c:Clostridia,o:Peptostreptococcales-Tissierellales,f:Peptostreptococcaceae,g:Terrisporobacter
OTU_426	0.0	0.0	0.0	0.0	0.0	0.0	0.0	k:Bacteria,p:Firmicutes,c:Bacilli,o:Lactobacillales,f:Lactobacillaceae,g:Lactobacillus,s:Lactobacillus_plantarum
OTU_896	0.3333333333333333	0.3333333333333333	0.3333333333333333	0.3333333333333333	0.0	0.3333333333333333	0.0	k:Bacteria,p:Proteobacteria,c:Gammaproteobacteria,o:Enterobacterales,f:Enterobacteriaceae,g:Escherichia-Shigella
OTU_2020	0.3333333333333333	0.3333333333333333	0.0	0.0	0.0	0.0	0.0	k:Bacteria,p:Proteobacteria,c:Gammaproteobacteria,o:Enterobacterales,f:Enterobacteriaceae
OTU_1584	0.3333333333333333	0.0	0.0	0.0	0.0	0.3333333333333333	0.16666666666666666	k:Bacteria,p:Firmicutes,c:Clostridia,o:Clostridiales,f:Clostridiaceae,g:Clostridium_sensu_stricto_1
OTU_7	0.3333333333333333	2.3333333333333335	3.6666666666666665	0.3333333333333333	0.0	0.0	0.5	k:Bacteria,p:Firmicutes,c:Bacilli,o:Lactobacillales,f:Streptococcaceae,g:Streptococcus
OTU_4155	0.6666666666666666	0.0	0.0	0.0	0.0	0.0	0.0	k:Bacteria,p:Proteobacteria,c:Gammaproteobacteria,o:Enterobacterales,f:Enterobacteriaceae,g:Escherichia-Shigella
OTU_1433	0.3333333333333333	0.3333333333333333	0.0	0.6666666666666666	0.6666666666666666	0.6666666666666666	0.0	k:Bacteria,p:Firmicutes,c:Bacilli,o:Bacillales,f:Bacillaceae,g:Oceanobacillus
OTU_288	0.3333333333333333	0.0	0.0	0.0	0.3333333333333333	0.0	0.3333333333333333	k:Bacteria,p:Firmicutes,c:Bacilli,o:Lactobacillales,f:Lactobacillaceae,g:Lactobacillus
OTU_1057	0.3333333333333333	0.0	0.0	0.0	0.0	0.0	0.0	k:Bacteria,p:Firmicutes,c:Bacilli,o:Paenibacillales,f:Paenibacillaceae,g:Paenibacillus
OTU_469	0.0	0.0	0.3333333333333333	0.0	0.0	0.6666666666666666	0.0	k:Bacteria,p:Proteobacteria,c:Alphaproteobacteria,o:Rhizobiales,f:Rhizobiaceae,g:Allorhizobium-Neorhizobium-Pararhizobium-Rhizobium,s:Rhizobium_sp.
OTU_20	0.3333333333333333	0.0	0.3333333333333333	0.6666666666666666	0.3333333333333333	0.0	0.0	k:Bacteria,p:Firmicutes,c:Bacilli,o:Erysipelotrichales,f:Erysipelotrichaceae,g:Turicibacter
OTU_57	0.0	18.666666666666668	0.3333333333333333	0.3333333333333333	0.0	7.0	0.0	k:Bacteria,p:Proteobacteria,c:Gammaproteobacteria,o:Pasteurellales,f:Pasteurellaceae,g:Actinobacillus
OTU_11	0.0	36.0	2351.0	66.66666666666667	587.3333333333334	128.0	117.5	k:Bacteria,p:Firmicutes,c:Bacilli,o:Lactobacillales,f:Leuconostocaceae,g:Leuconostoc,s:Leuconostoc_lactis
OTU_4146	0.0	14.666666666666666	0.0	0.0	0.0	0.0	0.0	k:Bacteria,p:Firmicutes,c:Bacilli,o:Lactobacillales,f:Enterococcaceae,g:Enterococcus
OTU_2691	0.0	4.0	0.0	0.0	0.0	0.0	0.0	k:Bacteria,p:Firmicutes,c:Bacilli,o:Lactobacillales,f:Leuconostocaceae,g:Weissella,s:Weissella_confusa
OTU_1085	0.0	9.0	0.0	0.0	0.0	0.0	0.0	k:Bacteria,p:Firmicutes,c:Bacilli,o:Lactobacillales,f:Streptococcaceae,g:Lactococcus,s:Lactococcus_lactis
OTU_546	0.0	2.0	0.0	0.0	0.0	0.0	0.0	k:Bacteria,p:Proteobacteria,c:Gammaproteobacteria,o:Enterobacterales,f:Enterobacteriaceae,g:Klebsiella
OTU_378	0.0	22.666666666666668	0.0	0.0	0.0	0.0	0.0	k:Bacteria,p:Firmicutes,c:Bacilli,o:Lactobacillales,f:Enterococcaceae,g:Enterococcus
OTU_41	0.0	8.333333333333334	1.0	0.0	0.3333333333333333	10.333333333333334	0.0	k:Bacteria,p:Firmicutes,c:Bacilli,o:Lactobacillales,f:Streptococcaceae,g:Streptococcus,s:Streptococcus_sp._NUM_1428
OTU_16	0.0	2.0	0.0	0.0	0.0	0.0	0.0	k:Bacteria,p:Firmicutes,c:Bacilli,o:Lactobacillales,f:Lactobacillaceae,g:Lactobacillus,s:Lactobacillus_sakei
OTU_366	0.0	21.0	0.0	0.0	0.0	0.0	0.0	k:Bacteria,p:Firmicutes,c:Bacilli,o:Lactobacillales,f:Streptococcaceae,g:Streptococcus
OTU_432	0.0	1.0	0.6666666666666666	0.6666666666666666	0.6666666666666666	0.0	0.8333333333333334	k:Bacteria,p:Firmicutes,c:Bacilli,o:Lactobacillales,f:Lactobacillaceae,g:Lactobacillus,s:Lactobacillus_buchneri
OTU_1867	0.0	4.0	0.0	0.0	0.0	0.3333333333333333	0.0	k:Bacteria,p:Firmicutes,c:Bacilli,o:Lactobacillales,f:Leuconostocaceae,g:Weissella,s:Weissella_confusa
OTU_848	0.0	3.6666666666666665	0.0	0.0	0.0	2.3333333333333335	0.0	k:Bacteria,p:Proteobacteria,c:Gammaproteobacteria,o:Enterobacterales,f:Enterobacteriaceae,g:Escherichia-Shigella
OTU_2281	0.0	10.0	0.0	0.0	0.0	0.0	0.0	k:Bacteria,p:Firmicutes,c:Bacilli,o:Lactobacillales,f:Enterococcaceae,g:Enterococcus
OTU_1089	0.0	16.333333333333332	0.0	0.0	0.0	0.0	0.0	k:Bacteria,p:Firmicutes,c:Bacilli,o:Lactobacillales,f:Leuconostocaceae,g:Weissella,s:Weissella_confusa
OTU_1851	0.0	1.6666666666666667	0.0	0.0	0.0	0.0	0.0	k:Bacteria,p:Firmicutes,c:Bacilli,o:Lactobacillales,f:Enterococcaceae,g:Enterococcus
OTU_4132	0.0	1.3333333333333333	0.0	0.0	0.0	0.0	0.0	k:Bacteria,p:Proteobacteria,c:Gammaproteobacteria,o:Enterobacterales,f:Enterobacteriaceae
OTU_22	0.0	3.3333333333333335	0.0	0.0	0.0	0.0	0.0	k:Bacteria,p:Firmicutes,c:Bacilli,o:Lactobacillales,f:Streptococcaceae,g:Lactococcus,s:Lactococcus_lactis
OTU_1051	0.0	2.6666666666666665	0.0	0.0	0.0	0.0	0.0	k:Bacteria,p:Proteobacteria,c:Gammaproteobacteria,o:Enterobacterales,f:Enterobacteriaceae
OTU_254	0.0	2.6666666666666665	0.6666666666666666	1.6666666666666667	0.0	1.3333333333333333	0.5	k:Bacteria,p:Firmicutes,c:Bacilli,o:Thermoactinomycetales,f:Thermoactinomycetaceae,g:Kroppenstedtia,s:Kroppenstedtia_eburnea
OTU_2842	0.0	1.0	0.0	0.0	0.0	0.0	0.0	k:Bacteria,p:Firmicutes,c:Bacilli,o:Lactobacillales,f:Streptococcaceae,g:Lactococcus,s:Lactococcus_lactis
OTU_968	0.0	6.0	0.0	0.0	0.0	0.0	0.0	k:Bacteria,p:Firmicutes,c:Bacilli,o:Lactobacillales,f:Enterococcaceae,g:Enterococcus
OTU_1094	0.0	4.333333333333333	0.0	0.0	0.0	0.0	0.0	k:Bacteria,p:Firmicutes,c:Bacilli,o:Lactobacillales,f:Streptococcaceae,g:Lactococcus,s:Lactococcus_lactis
OTU_2330	0.0	3.0	0.0	0.0	0.0	0.0	0.0	k:Bacteria,p:Firmicutes,c:Bacilli,o:Lactobacillales,f:Streptococcaceae,g:Lactococcus,s:Lactococcus_lactis
OTU_976	0.0	1.3333333333333333	0.0	0.0	0.0	0.0	0.0	k:Bacteria,p:Firmicutes,c:Bacilli,o:Lactobacillales,f:Lactobacillaceae,g:Lactobacillus,s:Lactobacillus_gasseri
OTU_381	0.0	5.0	0.0	0.3333333333333333	0.0	0.0	0.0	k:Bacteria,p:Firmicutes,c:Bacilli,o:Lactobacillales
OTU_1483	0.0	1.3333333333333333	0.0	0.3333333333333333	0.0	0.3333333333333333	1.0	k:Bacteria,p:Firmicutes,c:Bacilli,o:Lactobacillales,f:Streptococcaceae,g:Streptococcus
OTU_453	0.0	0.0	0.0	0.0	0.0	0.6666666666666666	0.0	k:Bacteria,p:Proteobacteria,c:Gammaproteobacteria,o:Burkholderiales,f:Neisseriaceae,g:Neisseria
OTU_2233	0.0	0.0	0.0	0.0	0.0	0.0	0.0	k:Bacteria,p:Firmicutes,c:Bacilli,o:Lactobacillales,f:Lactobacillaceae,g:Lactobacillus
OTU_538	0.0	2.0	0.0	0.0	0.0	0.0	0.0	k:Bacteria,p:Proteobacteria,c:Gammaproteobacteria,o:Enterobacterales,f:Enterobacteriaceae,g:Klebsiella
OTU_499	0.0	11.333333333333334	0.0	0.0	0.0	0.0	0.0	k:Bacteria,p:Firmicutes,c:Bacilli,o:Lactobacillales,f:Leuconostocaceae,g:Weissella,s:Weissella_hellenica
OTU_62	0.0	0.3333333333333333	0.0	0.0	0.0	0.0	17.833333333333332	k:Bacteria,p:Firmicutes,c:Bacilli,o:Lactobacillales,f:Lactobacillaceae,g:Lactobacillus
OTU_951	0.0	0.0	0.0	0.0	0.0	0.0	0.0	k:Bacteria,p:Firmicutes,c:Bacilli,o:Lactobacillales,f:Leuconostocaceae,g:Weissella,s:Weissella_hellenica
OTU_105	0.0	6.666666666666667	0.0	0.0	0.0	0.0	0.3333333333333333	k:Bacteria,p:Firmicutes,c:Negativicutes,o:Veillonellales-Selenomonadales,f:Veillonellaceae,g:Veillonella
OTU_79	0.0	0.6666666666666666	0.0	0.0	0.0	3.6666666666666665	0.16666666666666666	k:Bacteria,p:Firmicutes,c:Bacilli,o:Lactobacillales,f:Streptococcaceae,g:Streptococcus,s:Streptococcus_orisratti_DSM_15617
OTU_1077	0.0	0.3333333333333333	0.0	0.0	0.0	0.0	0.0	k:Bacteria,p:Proteobacteria,c:Gammaproteobacteria,o:Burkholderiales,f:Burkholderiaceae,g:Ralstonia,s:Ralstonia_sp._DMSP-S11
OTU_1092	0.0	4.666666666666667	0.0	0.6666666666666666	0.0	3.0	0.16666666666666666	k:Bacteria,p:Firmicutes,c:Bacilli,o:Lactobacillales,f:Leuconostocaceae,g:Weissella,s:Weissella_confusa
OTU_1520	0.0	3.3333333333333335	0.0	0.0	0.0	0.0	0.0	k:Bacteria,p:Proteobacteria,c:Gammaproteobacteria,o:Enterobacterales,f:Enterobacteriaceae,g:Klebsiella
OTU_588	0.0	0.6666666666666666	0.0	0.0	0.0	0.0	0.0	k:Bacteria,p:Firmicutes,c:Bacilli,o:Lactobacillales,f:Leuconostocaceae,g:Weissella,s:Weissella_cibaria
OTU_14	0.0	11.0	0.0	0.0	0.0	0.0	0.0	k:Bacteria,p:Firmicutes,c:Bacilli,o:Lactobacillales,f:Leuconostocaceae,g:Weissella,s:Weissella_hellenica
OTU_553	0.0	1.6666666666666667	0.0	0.0	0.0	0.0	0.0	k:Bacteria,p:Proteobacteria,c:Gammaproteobacteria,o:Enterobacterales,f:Enterobacteriaceae,g:Klebsiella
OTU_74	0.0	5.333333333333333	0.0	0.0	0.0	0.0	0.0	k:Bacteria,p:Proteobacteria,c:Gammaproteobacteria,o:Pasteurellales,f:Pasteurellaceae
OTU_4558	0.0	4.666666666666667	0.0	0.0	0.0	0.0	0.0	k:Bacteria,p:Firmicutes,c:Bacilli,o:Lactobacillales,f:Leuconostocaceae,g:Weissella
OTU_383	0.0	1.0	0.0	0.0	0.0	0.0	0.0	k:Bacteria,p:Proteobacteria,c:Gammaproteobacteria,o:Pasteurellales,f:Pasteurellaceae,g:Actinobacillus,s:Bisgaard_Taxon_10
OTU_1088	0.0	0.6666666666666666	0.0	0.0	0.0	0.0	0.0	k:Bacteria,p:Firmicutes,c:Bacilli,o:Lactobacillales,f:Streptococcaceae,g:Lactococcus,s:Lactococcus_lactis
OTU_1891	0.0	2.3333333333333335	0.0	0.0	0.0	0.0	0.0	k:Bacteria,p:Firmicutes,c:Bacilli,o:Lactobacillales,f:Lactobacillaceae,g:Lactobacillus
OTU_3345	0.0	1.0	0.0	0.3333333333333333	0.0	0.0	0.0	k:Bacteria,p:Proteobacteria,c:Gammaproteobacteria,o:Pseudomonadales,f:Pseudomonadaceae,g:Pseudomonas,s:Teleogryllus_commodus
OTU_4955	0.0	0.6666666666666666	0.0	0.0	0.0	0.0	0.0	k:Bacteria,p:Firmicutes,c:Bacilli,o:Lactobacillales,f:Enterococcaceae,g:Enterococcus
OTU_2286	0.0	4.0	0.0	0.0	0.0	0.0	0.0	k:Bacteria,p:Firmicutes,c:Bacilli,o:Lactobacillales,f:Streptococcaceae,g:Lactococcus,s:Lactococcus_lactis
OTU_2289	0.0	3.3333333333333335	0.0	0.0	0.0	0.0	0.0	k:Bacteria,p:Firmicutes,c:Bacilli,o:Lactobacillales,f:Enterococcaceae,g:Enterococcus
OTU_1379	0.0	6.0	0.0	1.3333333333333333	0.0	17.0	3.6666666666666665	k:Bacteria,p:Firmicutes,c:Bacilli,o:Lactobacillales,f:Leuconostocaceae,g:Weissella,s:Weissella_confusa
OTU_592	0.0	2.0	0.0	0.0	0.0	0.0	0.0	k:Bacteria,p:Proteobacteria,c:Gammaproteobacteria,o:Enterobacterales,f:Enterobacteriaceae,g:Escherichia-Shigella
OTU_1879	0.0	1.6666666666666667	0.0	0.0	0.3333333333333333	0.0	0.0	k:Bacteria,p:Firmicutes,c:Bacilli,o:Lactobacillales,f:Leuconostocaceae,g:Weissella,s:Weissella_hellenica
OTU_1901	0.0	1.0	0.0	0.0	0.0	0.0	0.0	k:Bacteria,p:Firmicutes,c:Bacilli,o:Lactobacillales,f:Streptococcaceae,g:Streptococcus
OTU_585	0.0	1.3333333333333333	0.0	0.3333333333333333	0.0	0.0	0.16666666666666666	k:Bacteria,p:Firmicutes,c:Bacilli,o:Lactobacillales,f:Streptococcaceae,g:Streptococcus,s:Streptococcaceae_bacterium
OTU_1810	0.0	0.0	0.0	0.3333333333333333	0.3333333333333333	0.0	0.0	k:Bacteria,p:Firmicutes,c:Bacilli,o:Lactobacillales,f:Lactobacillaceae,g:Lactobacillus,s:Lactobacillus_buchneri
OTU_2995	0.0	0.3333333333333333	0.0	0.0	0.0	0.0	0.0	k:Bacteria,p:Firmicutes,c:Bacilli,o:Lactobacillales,f:Lactobacillaceae,g:Lactobacillus,s:Lactobacillus_sp._CWBI/B-659/E912
OTU_26	0.0	3.0	0.0	0.0	0.0	0.0	0.0	k:Bacteria,p:Firmicutes,c:Bacilli,o:Lactobacillales,f:Leuconostocaceae,g:Weissella,s:Weissella_confusa
OTU_3875	0.0	0.6666666666666666	0.0	0.0	0.0	0.0	0.0	k:Bacteria,p:Firmicutes,c:Negativicutes,o:Veillonellales-Selenomonadales,f:Veillonellaceae,g:Veillonella
OTU_3351	0.0	0.3333333333333333	0.0	0.0	0.0	0.0	0.0	k:Bacteria,p:Firmicutes,c:Bacilli,o:Lactobacillales,f:Streptococcaceae,g:Streptococcus
OTU_591	0.0	2.0	0.0	0.0	0.0	0.0	0.0	k:Bacteria,p:Proteobacteria,c:Gammaproteobacteria,o:Enterobacterales,f:Enterobacteriaceae,g:Escherichia-Shigella
OTU_1871	0.0	4.333333333333333	0.0	0.0	0.0	0.0	0.0	k:Bacteria,p:Firmicutes,c:Bacilli,o:Lactobacillales,f:Leuconostocaceae,g:Weissella,s:Weissella_hellenica
OTU_354	0.0	0.6666666666666666	0.0	0.0	0.0	2.0	0.0	k:Bacteria,p:Bacteroidota,c:Bacteroidia,o:Sphingobacteriales,f:Sphingobacteriaceae,g:Sphingobacterium,s:Sphingobacterium_sp.
OTU_1079	0.0	0.3333333333333333	0.0	0.0	0.0	1.0	0.0	k:Bacteria,p:Firmicutes,c:Bacilli,o:Lactobacillales,f:Leuconostocaceae,g:Weissella,s:Weissella_hellenica
OTU_537	0.0	0.6666666666666666	0.0	0.0	0.0	0.0	0.0	k:Bacteria,p:Proteobacteria,c:Gammaproteobacteria,o:Enterobacterales,f:Enterobacteriaceae,g:Klebsiella,s:Klebsiella_pneumoniae
OTU_2673	0.0	1.3333333333333333	0.0	0.0	0.0	0.0	0.0	k:Bacteria,p:Firmicutes,c:Bacilli,o:Lactobacillales,f:Leuconostocaceae,g:Weissella,s:Weissella_hellenica
OTU_3350	0.0	0.6666666666666666	0.0	0.0	0.0	0.0	0.0	k:Bacteria,p:Firmicutes,c:Bacilli,o:Lactobacillales,f:Leuconostocaceae,g:Weissella
OTU_940	0.0	0.3333333333333333	0.3333333333333333	0.0	0.0	0.3333333333333333	0.0	k:Bacteria,p:Actinobacteriota,c:Actinobacteria,o:Micrococcales,f:Dermabacteraceae,g:Brachybacterium
OTU_532	0.0	0.0	0.0	0.0	0.0	0.3333333333333333	0.0	k:Bacteria,p:Proteobacteria,c:Gammaproteobacteria,o:Burkholderiales,f:Nitrosomonadaceae,g:MND1
OTU_1038	0.0	1.0	0.0	0.0	0.0	0.0	0.0	k:Bacteria,p:Proteobacteria,c:Gammaproteobacteria,o:Enterobacterales,f:Enterobacteriaceae,g:Escherichia-Shigella
OTU_372	0.0	1.6666666666666667	0.0	0.0	0.0	0.0	0.0	k:Bacteria,p:Proteobacteria,c:Gammaproteobacteria,o:Enterobacterales,f:Enterobacteriaceae,g:Klebsiella,s:Klebsiella_pneumoniae
OTU_722	0.0	0.3333333333333333	0.0	0.0	0.0	0.0	0.0	k:Bacteria,p:Firmicutes,c:Bacilli,o:Bacillales,f:Bacillaceae,g:Bacillus
OTU_348	0.0	0.6666666666666666	0.0	0.0	0.3333333333333333	0.0	0.16666666666666666	k:Bacteria,p:Proteobacteria,c:Gammaproteobacteria,o:Burkholderiales,f:TRA3-20
OTU_472	0.0	0.3333333333333333	0.0	0.0	0.0	0.3333333333333333	0.0	k:Bacteria,p:Proteobacteria,c:Gammaproteobacteria,o:Enterobacterales,f:Enterobacteriaceae,g:Escherichia-Shigella
OTU_409	0.0	0.3333333333333333	0.0	0.3333333333333333	0.0	0.0	0.0	k:Bacteria,p:Proteobacteria,c:Gammaproteobacteria,o:Enterobacterales,f:Enterobacteriaceae,g:Escherichia-Shigella
OTU_5072	0.0	0.6666666666666666	0.0	0.3333333333333333	0.3333333333333333	0.0	0.16666666666666666	k:Bacteria,p:Firmicutes,c:Bacilli,o:Lactobacillales,f:Lactobacillaceae,g:Lactobacillus,s:Lactobacillus_brevis
OTU_3130	0.0	0.3333333333333333	0.0	0.0	0.0	0.0	0.0	k:Bacteria,p:Firmicutes,c:Bacilli,o:Lactobacillales,f:Streptococcaceae,g:Lactococcus,s:Lactococcus_lactis
OTU_145	0.0	0.6666666666666666	0.0	0.0	0.3333333333333333	0.0	0.5	k:Bacteria,p:Firmicutes,c:Bacilli,o:Lactobacillales,f:Streptococcaceae,g:Streptococcus
OTU_2311	0.0	0.3333333333333333	0.0	0.0	0.0	0.0	0.0	k:Bacteria,p:Firmicutes,c:Bacilli,o:Lactobacillales,f:Streptococcaceae,g:Lactococcus
OTU_3500	0.0	0.6666666666666666	0.0	0.0	0.0	0.0	0.0	k:Bacteria,p:Firmicutes,c:Bacilli,o:Lactobacillales,f:Enterococcaceae,g:Enterococcus
OTU_2308	0.0	0.3333333333333333	0.0	0.0	0.0	0.0	0.0	k:Bacteria,p:Firmicutes,c:Bacilli,o:Lactobacillales,f:Lactobacillaceae,g:Lactobacillus,s:Lactobacillus_sp._CWBI/B-659/E912
OTU_1490	0.0	0.0	0.3333333333333333	0.0	0.0	0.0	0.3333333333333333	k:Bacteria,p:Firmicutes,c:Bacilli,o:Lactobacillales,f:Leuconostocaceae,g:Leuconostoc,s:Leuconostoc_lactis
OTU_1131	0.0	0.3333333333333333	0.0	0.0	0.0	0.3333333333333333	0.0	k:Bacteria,p:Fusobacteriota,c:Fusobacteriia,o:Fusobacteriales,f:Fusobacteriaceae,g:Fusobacterium
OTU_5490	0.0	1.0	0.0	0.0	0.0	0.0	0.0	k:Bacteria,p:Firmicutes,c:Bacilli,o:Lactobacillales,f:Leuconostocaceae,g:Weissella,s:Weissella_hellenica
OTU_973	0.0	0.0	0.0	0.0	0.0	0.0	0.0	k:Bacteria,p:Proteobacteria,c:Gammaproteobacteria,o:Enterobacterales,f:Enterobacteriaceae
OTU_1128	0.0	0.3333333333333333	0.0	0.0	0.0	0.3333333333333333	0.0	k:Bacteria,p:Firmicutes,c:Bacilli,o:Lactobacillales,f:Lactobacillaceae,g:Lactobacillus
OTU_127	0.0	1.3333333333333333	0.0	0.0	0.0	0.0	1.3333333333333333	k:Bacteria,p:Proteobacteria,c:Alphaproteobacteria,o:Rhodobacterales,f:Rhodobacteraceae,g:Paracoccus
OTU_1506	0.0	0.3333333333333333	0.0	0.3333333333333333	0.0	0.0	0.0	k:Bacteria,p:Firmicutes,c:Bacilli,o:Lactobacillales,f:Streptococcaceae,g:Streptococcus
OTU_508	0.0	0.6666666666666666	0.0	0.3333333333333333	0.0	0.3333333333333333	0.0	k:Bacteria,p:Actinobacteriota,c:Actinobacteria,o:Pseudonocardiales,f:Pseudonocardiaceae,g:Saccharopolyspora
OTU_2598	0.0	0.0	0.6666666666666666	1.0	0.6666666666666666	0.6666666666666666	0.0	k:Bacteria,p:Proteobacteria,c:Gammaproteobacteria,o:Enterobacterales,f:Enterobacteriaceae,g:Escherichia-Shigella
OTU_2677	0.0	0.3333333333333333	0.0	0.0	0.0	0.0	0.0	k:Bacteria,p:Proteobacteria,c:Gammaproteobacteria,o:Pseudomonadales,f:Moraxellaceae,g:Acinetobacter,s:Acinetobacter_bereziniae
OTU_2676	0.0	0.3333333333333333	0.0	0.0	0.3333333333333333	0.3333333333333333	0.0	k:Bacteria,p:Proteobacteria,c:Gammaproteobacteria,o:Burkholderiales,f:Nitrosomonadaceae,g:Ellin6067
OTU_1919	0.0	0.3333333333333333	0.0	0.0	0.0	0.3333333333333333	0.0	k:Bacteria,p:Proteobacteria,c:Alphaproteobacteria,o:Sphingomonadales,f:Sphingomonadaceae,g:Ellin6055,s:Sphingomonas_sp.
OTU_396	0.0	0.0	0.0	0.0	0.3333333333333333	0.0	0.0	k:Bacteria,p:Proteobacteria,c:Alphaproteobacteria,o:Acetobacterales,f:Acetobacteraceae,g:Acetobacter,s:Acetobacter_pasteurianus
OTU_2193	0.0	0.3333333333333333	0.0	0.0	0.0	1.6666666666666667	0.0	k:Bacteria,p:Firmicutes,c:Bacilli,o:Lactobacillales,f:Leuconostocaceae,g:Weissella,s:Weissella_confusa
OTU_544	0.0	0.3333333333333333	0.0	0.3333333333333333	0.0	0.0	0.0	k:Bacteria,p:Proteobacteria,c:Gammaproteobacteria,o:Enterobacterales,f:Morganellaceae,g:Arsenophonus
OTU_545	0.0	0.0	0.0	0.0	0.0	0.0	0.0	k:Bacteria,p:Firmicutes,c:Bacilli,o:Lactobacillales,f:Lactobacillaceae,g:Lactobacillus
OTU_83	0.0	1.0	0.3333333333333333	0.0	0.0	1.6666666666666667	0.0	k:Bacteria,p:Firmicutes,c:Bacilli,o:Lactobacillales,f:Streptococcaceae,g:Streptococcus,s:Streptococcus_ferus
OTU_3502	0.0	0.3333333333333333	0.0	0.0	0.0	0.3333333333333333	0.0	k:Bacteria,p:Firmicutes,c:Bacilli,o:Lactobacillales,f:Leuconostocaceae,g:Weissella,s:Weissella_confusa
OTU_1685	0.0	0.3333333333333333	0.3333333333333333	0.0	0.0	0.0	0.0	k:Bacteria,p:Proteobacteria,c:Gammaproteobacteria,o:Burkholderiales,f:Burkholderiaceae,g:Burkholderia-Caballeronia-Paraburkholderia
OTU_958	0.0	0.3333333333333333	0.0	0.0	0.0	0.0	0.0	k:Bacteria,p:Proteobacteria,c:Gammaproteobacteria
OTU_5495	0.0	0.3333333333333333	0.0	0.0	0.0	0.0	0.0	k:Bacteria,p:Proteobacteria,c:Gammaproteobacteria,o:Enterobacterales,f:Enterobacteriaceae,g:Enterobacter
OTU_953	0.0	0.0	0.0	0.3333333333333333	0.0	0.0	0.0	k:Bacteria,p:Proteobacteria,c:Alphaproteobacteria,o:Rhizobiales,f:Xanthobacteraceae,g:Bradyrhizobium,s:Bradyrhizobium_japonicum
OTU_547	0.0	0.0	0.0	0.0	0.0	0.0	0.0	k:Bacteria,p:Actinobacteriota,c:Actinobacteria,o:Pseudonocardiales,f:Pseudonocardiaceae,g:Saccharopolyspora
OTU_4450	0.0	0.3333333333333333	0.3333333333333333	0.0	0.0	0.0	0.0	k:Bacteria,p:Firmicutes,c:Bacilli,o:Lactobacillales,f:Lactobacillaceae,g:Lactobacillus,s:Lactobacillus_brevis
OTU_3152	0.0	0.3333333333333333	0.0	0.0	1.0	0.6666666666666666	0.0	k:Bacteria,p:Firmicutes,c:Bacilli,o:Bacillales,f:Bacillaceae,g:Ornithinibacillus
OTU_3679	0.0	0.3333333333333333	0.0	0.0	0.0	0.3333333333333333	0.0	k:Bacteria,p:Firmicutes,c:Bacilli,o:Lactobacillales,f:Lactobacillaceae,g:Lactobacillus,s:Lactobacillus_brevis
OTU_606	0.0	0.0	0.0	0.0	0.0	0.3333333333333333	0.0	k:Bacteria,p:Proteobacteria,c:Gammaproteobacteria,o:Enterobacterales,f:Enterobacteriaceae,g:Escherichia-Shigella
OTU_422	0.0	0.3333333333333333	0.0	0.3333333333333333	0.0	0.0	0.0	k:Bacteria,p:Acidobacteriota,c:Vicinamibacteria,o:Vicinamibacterales,f:Vicinamibacteraceae
OTU_29	0.0	0.0	0.0	17.333333333333332	13.0	0.0	5.5	k:Bacteria,p:Campilobacterota,c:Campylobacteria,o:Campylobacterales,f:Campylobacteraceae,g:Campylobacter
OTU_45	0.0	0.0	0.0	16.333333333333332	1.6666666666666667	0.0	0.0	k:Bacteria,p:Firmicutes,c:Clostridia,o:Lachnospirales,f:Lachnospiraceae,g:Tyzzerella
OTU_8	0.0	0.0	8.333333333333334	3.6666666666666665	5.0	0.6666666666666666	0.3333333333333333	k:Bacteria,p:Firmicutes,c:Clostridia,o:Clostridiales,f:Clostridiaceae,g:Clostridium_sensu_stricto_1
OTU_903	0.0	0.0	0.0	0.0	0.0	0.3333333333333333	0.0	k:Bacteria,p:Actinobacteriota,c:Actinobacteria,o:Actinomycetales,f:Actinomycetaceae,g:Trueperella
OTU_2089	0.0	0.0	1.0	0.6666666666666666	0.0	0.0	0.0	k:Bacteria,p:Firmicutes,c:Clostridia,o:Peptostreptococcales-Tissierellales,f:Peptostreptococcaceae,g:Paeniclostridium,s:Paeniclostridium_sordellii
OTU_1396	0.0	0.0	0.0	0.6666666666666666	0.3333333333333333	0.3333333333333333	0.0	k:Bacteria,p:Proteobacteria,c:Gammaproteobacteria,o:Enterobacterales,f:Enterobacteriaceae,g:Escherichia-Shigella
OTU_4424	0.0	0.0	0.6666666666666666	0.6666666666666666	0.0	0.0	0.0	k:Bacteria,p:Firmicutes,c:Clostridia,o:Clostridiales,f:Clostridiaceae,g:Clostridium_sensu_stricto_1
OTU_335	0.0	0.0	0.0	0.3333333333333333	0.0	0.3333333333333333	0.0	k:Bacteria,p:Firmicutes,c:Bacilli,o:Lactobacillales,f:Lactobacillaceae,g:Lactobacillus,s:Lactobacillus_acidipiscis
OTU_5407	0.0	0.0	1.0	0.3333333333333333	0.6666666666666666	0.0	0.0	k:Bacteria,p:Firmicutes,c:Bacilli,o:Erysipelotrichales,f:Erysipelotrichaceae,g:Turicibacter
OTU_5169	0.0	0.0	0.0	1.3333333333333333	0.0	0.3333333333333333	0.0	k:Bacteria,p:Proteobacteria,c:Gammaproteobacteria,o:Enterobacterales,f:Enterobacteriaceae,g:Escherichia-Shigella,s:Escherichia_coli
OTU_501	0.0	0.0	0.0	0.0	0.3333333333333333	0.0	0.0	k:Bacteria,p:Firmicutes,c:Bacilli,o:Bacillales,f:Bacillaceae,g:Bacillus
OTU_5160	0.0	0.0	0.0	0.0	0.0	0.0	0.0	k:Bacteria,p:Proteobacteria,c:Gammaproteobacteria,o:Enterobacterales,f:Enterobacteriaceae,g:Escherichia-Shigella,s:Escherichia_coli
OTU_5428	0.0	0.0	1.0	0.6666666666666666	0.0	0.3333333333333333	0.0	k:Bacteria,p:Firmicutes,c:Clostridia,o:Clostridiales,f:Clostridiaceae,g:Clostridium_sensu_stricto_1
OTU_1774	0.0	0.0	0.0	0.3333333333333333	0.0	0.3333333333333333	0.0	k:Bacteria,p:Firmicutes,c:Bacilli,o:Lactobacillales,f:Streptococcaceae,g:Streptococcus
OTU_5253	0.0	0.0	0.0	0.6666666666666666	0.0	0.0	0.0	k:Bacteria,p:Proteobacteria,c:Gammaproteobacteria,o:Enterobacterales,f:Enterobacteriaceae,g:Escherichia-Shigella
OTU_1873	0.0	0.0	0.0	0.6666666666666666	0.6666666666666666	0.3333333333333333	0.0	k:Bacteria,p:Firmicutes,c:Clostridia,o:Peptostreptococcales-Tissierellales,f:Peptostreptococcaceae,g:Romboutsia,s:Clostridium_sp._K39
OTU_3796	0.0	0.0	0.0	4.666666666666667	5.0	2.3333333333333335	0.16666666666666666	k:Bacteria,p:Firmicutes,c:Bacilli,o:Lactobacillales,f:Streptococcaceae
OTU_3437	0.0	0.0	0.6666666666666666	2.3333333333333335	3.3333333333333335	4.333333333333333	0.6666666666666666	k:Bacteria,p:Firmicutes,c:Clostridia,o:Clostridiales,f:Clostridiaceae,g:Clostridium_sensu_stricto_1
OTU_1878	0.0	0.0	0.0	0.0	0.0	0.6666666666666666	0.0	k:Bacteria,p:Proteobacteria,c:Alphaproteobacteria,o:Rhizobiales,f:Beijerinckiaceae,g:Methylobacterium-Methylorubrum,s:Methylobacterium_aquaticum
OTU_846	0.0	0.0	2.0	1.3333333333333333	1.0	0.3333333333333333	0.0	k:Bacteria,p:Firmicutes,c:Bacilli
OTU_2274	0.0	0.0	0.0	0.6666666666666666	0.0	0.0	0.0	k:Bacteria,p:Acidobacteriota,c:Acidobacteriae,o:Acidobacteriales
OTU_996	0.0	0.0	0.0	1.6666666666666667	0.3333333333333333	0.0	0.16666666666666666	k:Bacteria,p:Proteobacteria,c:Gammaproteobacteria,o:Enterobacterales,f:Enterobacteriaceae,g:Escherichia-Shigella
OTU_265	0.0	0.0	0.0	0.6666666666666666	0.3333333333333333	1.6666666666666667	0.0	k:Bacteria,p:Proteobacteria,c:Alphaproteobacteria,o:Rhizobiales,f:Beijerinckiaceae
OTU_118	0.0	0.0	0.0	0.6666666666666666	0.0	3.6666666666666665	0.0	k:Bacteria,p:Proteobacteria,c:Alphaproteobacteria,o:Rhizobiales,f:Beijerinckiaceae,g:Methylobacterium-Methylorubrum
OTU_166	0.0	0.0	0.6666666666666666	0.3333333333333333	0.3333333333333333	3.6666666666666665	0.3333333333333333	k:Bacteria,p:Proteobacteria,c:Gammaproteobacteria,o:Burkholderiales,f:Neisseriaceae,g:Neisseria
OTU_468	0.0	0.0	0.0	0.3333333333333333	0.0	0.3333333333333333	0.0	k:Bacteria,p:Firmicutes,c:Bacilli,o:Lactobacillales,f:Lactobacillaceae,g:Lactobacillus,s:Lactobacillus_coleohominis
OTU_739	0.0	0.0	0.0	0.3333333333333333	0.3333333333333333	0.0	0.0	k:Bacteria,p:Proteobacteria,c:Gammaproteobacteria,o:Enterobacterales,f:Enterobacteriaceae,g:Escherichia-Shigella,s:Escherichia_coli
OTU_4237	0.0	0.0	0.0	0.3333333333333333	0.3333333333333333	0.3333333333333333	0.16666666666666666	k:Bacteria,p:Proteobacteria,c:Gammaproteobacteria,o:Enterobacterales,f:Enterobacteriaceae,g:Escherichia-Shigella
OTU_2967	0.0	0.0	0.0	0.6666666666666666	0.0	0.0	0.0	k:Bacteria,p:Proteobacteria,c:Gammaproteobacteria,o:Enterobacterales,f:Enterobacteriaceae,g:Escherichia-Shigella
OTU_1698	0.0	0.0	0.0	0.3333333333333333	0.0	0.0	0.0	k:Bacteria,p:Proteobacteria,c:Gammaproteobacteria,o:Enterobacterales,f:Enterobacteriaceae,g:Escherichia-Shigella
OTU_1816	0.0	0.0	0.0	0.3333333333333333	0.0	0.0	0.0	k:Bacteria,p:Firmicutes,c:Bacilli,o:Erysipelotrichales,f:Erysipelotrichaceae,g:Turicibacter
OTU_4248	0.0	0.0	1.0	0.3333333333333333	0.0	0.0	0.0	k:Bacteria,p:Firmicutes,c:Bacilli,o:Erysipelotrichales,f:Erysipelotrichaceae,g:Turicibacter
OTU_1695	0.0	0.0	0.0	0.3333333333333333	0.0	0.3333333333333333	0.16666666666666666	k:Bacteria,p:Firmicutes,c:Bacilli,o:Lactobacillales,f:Lactobacillaceae,g:Lactobacillus,s:Lactobacillus_buchneri
OTU_2051	0.0	0.0	0.0	0.0	0.3333333333333333	0.0	0.0	k:Bacteria,p:Proteobacteria,c:Gammaproteobacteria,o:Burkholderiales,f:Comamonadaceae
OTU_2258	0.0	0.0	0.0	0.3333333333333333	0.0	0.0	0.16666666666666666	k:Bacteria,p:Firmicutes,c:Bacilli,o:Thermoactinomycetales,f:Thermoactinomycetaceae,g:Thermoactinomyces,s:Thermoactinomyces_daqus
OTU_217	0.0	0.0	0.3333333333333333	0.3333333333333333	0.0	0.0	0.16666666666666666	k:Bacteria,p:Firmicutes,c:Bacilli,o:Lactobacillales,f:Lactobacillaceae,g:Lactobacillus
OTU_645	0.0	0.0	0.3333333333333333	0.3333333333333333	0.0	2.3333333333333335	0.5	k:Bacteria,p:Firmicutes,c:Bacilli,o:Lactobacillales,f:Streptococcaceae,g:Streptococcus
OTU_425	0.0	0.0	0.0	0.6666666666666666	0.3333333333333333	0.0	0.0	k:Bacteria,p:Firmicutes,c:Bacilli,o:Bacillales,f:Bacillaceae,g:Bacillus
OTU_3168	0.0	0.0	0.0	0.0	0.0	0.0	0.0	k:Bacteria,p:Actinobacteriota,c:Actinobacteria,o:Pseudonocardiales,f:Pseudonocardiaceae,g:Actinomycetospora,s:Pseudonocardia_sp._CNJ888_PL04
OTU_2922	0.0	0.0	0.0	0.0	0.3333333333333333	1.0	0.0	k:Bacteria,p:Proteobacteria,c:Gammaproteobacteria,o:Enterobacterales,f:Enterobacteriaceae,g:Escherichia-Shigella
OTU_2603	0.0	0.0	0.0	0.6666666666666666	0.3333333333333333	0.0	0.0	k:Bacteria,p:Proteobacteria,c:Alphaproteobacteria,o:Sphingomonadales,f:Sphingomonadaceae,g:Sphingomonas,s:Sphingomonas_sp._JGI_0001002-A17
OTU_314	0.0	0.0	0.0	0.0	0.0	0.0	0.3333333333333333	k:Bacteria,p:Firmicutes,c:Bacilli,o:Lactobacillales,f:Streptococcaceae,g:Streptococcus,s:Streptococcus_alactolyticus
OTU_917	0.0	0.0	0.0	0.3333333333333333	0.0	0.3333333333333333	0.0	k:Bacteria,p:Proteobacteria,c:Gammaproteobacteria,o:Enterobacterales,f:Enterobacteriaceae,g:Escherichia-Shigella
OTU_3786	0.0	0.0	0.0	0.3333333333333333	0.3333333333333333	0.0	0.0	k:Bacteria,p:Firmicutes,c:Clostridia,o:Peptostreptococcales-Tissierellales,f:Peptostreptococcaceae
OTU_850	0.0	0.0	0.0	0.6666666666666666	0.3333333333333333	0.0	0.6666666666666666	k:Bacteria,p:Firmicutes,c:Bacilli,o:Lactobacillales,f:Streptococcaceae,g:Lactococcus,s:Lactococcus_lactis
OTU_2645	0.0	0.0	0.0	0.3333333333333333	0.3333333333333333	0.0	0.3333333333333333	k:Bacteria,p:Firmicutes,c:Bacilli,o:Erysipelotrichales,f:Erysipelotrichaceae,g:Turicibacter
OTU_2899	0.0	0.0	0.0	0.3333333333333333	0.3333333333333333	0.3333333333333333	0.0	k:Bacteria,p:Firmicutes,c:Bacilli,o:Lactobacillales,f:Streptococcaceae,g:Streptococcus,s:Streptococcus_alactolyticus
OTU_1978	0.0	0.0	0.3333333333333333	0.3333333333333333	0.0	0.0	0.16666666666666666	k:Bacteria,p:Firmicutes,c:Bacilli,o:Lactobacillales,f:Lactobacillaceae,g:Lactobacillus,s:Lactobacillus_acetotolerans_DSM_20749_
OTU_287	0.0	0.0	0.0	0.6666666666666666	1.0	0.6666666666666666	0.5	k:Bacteria,p:Firmicutes,c:Clostridia,o:Clostridiales,f:Clostridiaceae,g:Clostridium_sensu_stricto_1
OTU_1416	0.0	0.0	0.0	0.6666666666666666	0.3333333333333333	0.3333333333333333	0.0	k:Bacteria,p:Firmicutes,c:Clostridia,o:Clostridiales,f:Clostridiaceae,g:Clostridium_sensu_stricto_1
OTU_1240	0.0	0.0	0.0	0.3333333333333333	0.0	0.3333333333333333	0.0	k:Bacteria,p:Proteobacteria,c:Gammaproteobacteria
OTU_4185	0.0	0.0	0.0	0.6666666666666666	0.0	0.0	0.0	k:Bacteria,p:Proteobacteria,c:Gammaproteobacteria,o:Enterobacterales,f:Enterobacteriaceae,g:Escherichia-Shigella
OTU_1397	0.0	0.0	0.0	0.6666666666666666	0.0	0.0	0.0	k:Bacteria,p:Firmicutes,c:Bacilli,o:Lactobacillales,f:Streptococcaceae,g:Streptococcus
OTU_5510	0.0	0.0	0.0	0.3333333333333333	0.0	0.0	0.0	k:Bacteria,p:Firmicutes,c:Clostridia,o:Clostridiales,f:Clostridiaceae,g:Clostridium_sensu_stricto_1
OTU_362	0.0	0.0	0.0	0.0	0.0	0.3333333333333333	0.0	k:Bacteria,p:Firmicutes,c:Bacilli,o:Thermoactinomycetales,f:Thermoactinomycetaceae
OTU_2570	0.0	0.0	0.3333333333333333	0.3333333333333333	0.0	0.0	0.0	k:Bacteria,p:Proteobacteria,c:Gammaproteobacteria,o:Enterobacterales,f:Enterobacteriaceae,g:Escherichia-Shigella,s:Escherichia_coli
OTU_871	0.0	0.0	0.0	0.6666666666666666	0.0	0.3333333333333333	0.0	k:Bacteria,p:Firmicutes,c:Clostridia,o:Clostridiales,f:Clostridiaceae,g:Clostridium_sensu_stricto_1
OTU_5439	0.0	0.0	0.0	0.0	0.6666666666666666	0.3333333333333333	0.0	k:Bacteria
OTU_2613	0.0	0.0	0.3333333333333333	0.3333333333333333	0.0	1.3333333333333333	0.0	k:Bacteria,p:Proteobacteria,c:Gammaproteobacteria,o:Enterobacterales,f:Enterobacteriaceae,g:Escherichia-Shigella
OTU_2641	0.0	0.0	0.0	0.6666666666666666	1.0	0.3333333333333333	0.16666666666666666	k:Bacteria,p:Firmicutes,c:Bacilli
OTU_188	0.0	0.0	0.0	0.0	0.3333333333333333	0.0	0.0	k:Bacteria,p:Actinobacteriota,c:Actinobacteria,o:Micrococcales
OTU_1835	0.0	0.0	0.0	0.3333333333333333	0.3333333333333333	0.0	0.0	k:Bacteria,p:Proteobacteria,c:Gammaproteobacteria,o:Enterobacterales,f:Enterobacteriaceae
OTU_2966	0.0	0.0	0.0	0.3333333333333333	0.3333333333333333	0.3333333333333333	0.0	k:Bacteria,p:Proteobacteria,c:Gammaproteobacteria,o:Enterobacterales,f:Enterobacteriaceae,g:Escherichia-Shigella
OTU_1469	0.0	0.0	0.0	0.3333333333333333	0.0	0.0	0.0	k:Bacteria,p:Proteobacteria,c:Gammaproteobacteria,o:Enterobacterales,f:Enterobacteriaceae,g:Escherichia-Shigella
OTU_2595	0.0	0.0	0.0	0.0	0.3333333333333333	0.0	0.0	k:Bacteria,p:Proteobacteria,c:Gammaproteobacteria,o:Enterobacterales,f:Enterobacteriaceae,g:Escherichia-Shigella,s:Escherichia_coli
OTU_860	0.0	0.0	0.0	0.0	0.6666666666666666	0.0	0.0	k:Bacteria,p:Firmicutes,c:Bacilli,o:Lactobacillales,f:Streptococcaceae,g:Streptococcus
OTU_1381	0.0	0.0	0.0	0.0	0.3333333333333333	0.3333333333333333	0.0	k:Bacteria,p:Proteobacteria,c:Gammaproteobacteria,o:Enterobacterales,f:Enterobacteriaceae,g:Escherichia-Shigella,s:Escherichia_coli
OTU_2239	0.0	0.0	0.0	0.0	0.0	0.0	0.16666666666666666	k:Bacteria,p:Firmicutes,c:Bacilli,o:Bacillales,f:Bacillaceae,g:Virgibacillus
OTU_175	0.0	0.0	0.0	0.0	0.3333333333333333	0.3333333333333333	0.16666666666666666	k:Bacteria,p:Proteobacteria,c:Alphaproteobacteria,o:Sphingomonadales,f:Sphingomonadaceae,g:Sphingomonas
OTU_1823	0.0	0.0	0.0	0.0	0.0	0.3333333333333333	0.0	k:Bacteria,p:Firmicutes,c:Bacilli,o:Lactobacillales,f:Streptococcaceae,g:Streptococcus
OTU_2914	0.0	0.0	0.6666666666666666	0.0	0.0	0.0	0.3333333333333333	k:Bacteria,p:Firmicutes,c:Bacilli,o:Lactobacillales,f:Lactobacillaceae,g:Lactobacillus
OTU_1412	0.0	0.0	0.0	0.0	0.0	0.0	0.0	k:Bacteria,p:Proteobacteria,c:Gammaproteobacteria,o:Enterobacterales,f:Enterobacteriaceae,g:Escherichia-Shigella
OTU_2230	0.0	0.0	0.0	0.0	0.3333333333333333	0.3333333333333333	0.0	k:Bacteria,p:Acidobacteriota,c:Acidobacteriae,o:Acidobacteriales,f:Acidobacteriaceae_Subgroup_1
OTU_1766	0.0	0.0	0.0	0.0	0.3333333333333333	0.0	0.16666666666666666	k:Bacteria,p:Firmicutes,c:Clostridia,o:Clostridiales,f:Clostridiaceae,g:Clostridium_sensu_stricto_1
OTU_4459	0.0	0.0	0.0	0.0	0.0	0.0	0.0	k:Bacteria,p:Firmicutes,c:Bacilli,o:Erysipelotrichales,f:Erysipelotrichaceae,g:Turicibacter
OTU_942	0.0	0.0	0.0	0.0	0.3333333333333333	1.3333333333333333	0.0	k:Bacteria,p:Proteobacteria,c:Gammaproteobacteria,o:Burkholderiales,f:Burkholderiaceae,g:Lautropia,s:Lautropia_sp._canine_oral_taxon_060
OTU_392	0.0	0.0	0.3333333333333333	0.0	0.0	0.0	0.0	k:Bacteria,p:Proteobacteria,c:Gammaproteobacteria,o:Enterobacterales,f:Enterobacteriaceae,g:Escherichia-Shigella
OTU_470	0.0	0.0	0.0	0.0	0.0	0.6666666666666666	0.0	k:Bacteria,p:Actinobacteriota,c:Actinobacteria,o:Corynebacteriales,f:Nocardiaceae,g:Rhodococcus
OTU_2158	0.0	0.0	0.0	0.0	0.0	0.6666666666666666	0.0	k:Bacteria,p:Proteobacteria,c:Alphaproteobacteria,o:Rhizobiales,f:Rhizobiaceae,g:Shinella
OTU_258	0.0	0.0	0.0	0.0	0.0	1.0	0.0	k:Bacteria,p:Proteobacteria,c:Alphaproteobacteria,o:Rhizobiales,f:Beijerinckiaceae,g:1174-901-12
OTU_3243	0.0	0.0	0.0	0.0	0.0	0.6666666666666666	0.0	k:Bacteria,p:Proteobacteria,c:Gammaproteobacteria,o:Pseudomonadales,f:Pseudomonadaceae,g:Pseudomonas
OTU_76	0.0	0.0	0.0	0.0	0.0	6.666666666666667	0.0	k:Bacteria,p:Proteobacteria,c:Alphaproteobacteria,o:Rhizobiales,f:Rhizobiaceae,g:Allorhizobium-Neorhizobium-Pararhizobium-Rhizobium,s:Rhizobium_tropici
OTU_77	0.0	0.0	2.3333333333333335	0.0	0.0	1.0	0.16666666666666666	k:Bacteria,p:Actinobacteriota,c:Actinobacteria,o:Micrococcales,f:Micrococcaceae,g:Rothia,s:Rothia_nasimurium
OTU_113	0.0	0.0	0.0	0.0	0.0	7.333333333333333	0.0	k:Bacteria,p:Proteobacteria,c:Gammaproteobacteria,o:Burkholderiales,f:Comamonadaceae,g:Comamonas,s:Comamonas_aquatica
OTU_935	0.0	0.0	0.0	0.0	0.0	0.3333333333333333	0.0	k:Bacteria,p:Patescibacteria,c:Saccharimonadia,o:Saccharimonadales,f:Saccharimonadaceae,g:TM7x
OTU_476	0.0	0.0	0.0	0.0	0.0	0.6666666666666666	0.0	k:Bacteria,p:Bacteroidota,c:Bacteroidia,o:Bacteroidales,f:Porphyromonadaceae,g:Porphyromonas,s:Porphyromonas_bennonis
OTU_5031	0.0	0.0	0.0	0.0	0.0	0.6666666666666666	0.0	k:Bacteria,p:Proteobacteria,c:Alphaproteobacteria,o:Sphingomonadales,f:Sphingomonadaceae,g:Sphingomonas
OTU_1726	0.0	0.0	0.3333333333333333	0.0	0.0	0.6666666666666666	0.0	k:Bacteria,p:Actinobacteriota,c:Actinobacteria,o:Micrococcales,f:Micrococcaceae,g:Kocuria,s:Kocuria_palustris
OTU_356	0.0	0.0	0.0	0.0	0.3333333333333333	1.0	0.16666666666666666	k:Bacteria,p:Proteobacteria,c:Gammaproteobacteria,o:Burkholderiales,f:Neisseriaceae,g:Neisseria
OTU_887	0.0	0.0	0.0	0.0	0.0	1.0	0.16666666666666666	k:Bacteria,p:Proteobacteria,c:Gammaproteobacteria,o:Burkholderiales,f:Burkholderiaceae,g:Lautropia
OTU_894	0.0	0.0	0.0	0.0	0.0	1.3333333333333333	0.0	k:Bacteria,p:Proteobacteria,c:Alphaproteobacteria,o:Sphingomonadales,f:Sphingomonadaceae,g:Sphingomonas
OTU_2983	0.0	0.0	0.0	0.0	0.0	1.6666666666666667	0.0	k:Bacteria,p:Proteobacteria,c:Gammaproteobacteria,o:Burkholderiales,f:Comamonadaceae
OTU_5136	0.0	0.0	0.0	0.0	0.0	0.3333333333333333	0.0	k:Bacteria,p:Firmicutes,c:Bacilli,o:Lactobacillales,f:Leuconostocaceae,g:Leuconostoc,s:Leuconostoc_lactis
OTU_2186	0.0	0.0	0.0	0.0	0.0	0.6666666666666666	0.0	k:Bacteria,p:NB1-j
OTU_34	0.0	0.0	0.0	0.0	0.0	1.6666666666666667	0.0	k:Bacteria,p:Proteobacteria,c:Gammaproteobacteria,o:Pseudomonadales,f:Moraxellaceae,g:Acinetobacter
OTU_5409	0.0	0.0	0.0	0.0	0.0	0.6666666666666666	0.0	k:Bacteria,p:Acidobacteriota,c:Acidobacteriae,o:Acidobacteriales,f:Acidobacteriaceae_Subgroup_1,g:Terriglobus
OTU_232	0.0	0.0	0.3333333333333333	0.0	0.0	1.6666666666666667	0.0	k:Bacteria,p:Proteobacteria,c:Gammaproteobacteria,o:Pseudomonadales,f:Moraxellaceae
OTU_2949	0.0	0.0	0.3333333333333333	0.0	0.0	0.3333333333333333	0.0	k:Bacteria,p:Proteobacteria,c:Gammaproteobacteria,o:Enterobacterales,f:Yersiniaceae,g:Rahnella1,s:Serratia_sp._HC4-9
OTU_948	0.0	0.0	0.0	0.0	0.0	1.0	0.0	k:Bacteria,p:Proteobacteria,c:Alphaproteobacteria,o:Rhizobiales,f:Beijerinckiaceae
OTU_1394	0.0	0.0	0.0	0.0	0.0	3.3333333333333335	0.16666666666666666	k:Bacteria,p:Proteobacteria,c:Alphaproteobacteria,o:Rhizobiales,f:Beijerinckiaceae,g:1174-901-12
OTU_1905	0.0	0.0	0.0	0.0	0.0	0.6666666666666666	0.0	k:Bacteria,p:Proteobacteria,c:Alphaproteobacteria,o:Acetobacterales,f:Acetobacteraceae
OTU_3054	0.0	0.0	0.0	0.0	0.0	0.6666666666666666	0.0	k:Bacteria,p:Proteobacteria,c:Alphaproteobacteria,o:Sphingomonadales,f:Sphingomonadaceae,g:Sphingomonas
OTU_2220	0.0	0.0	0.0	0.0	0.0	0.6666666666666666	0.0	k:Bacteria,p:Proteobacteria,c:Alphaproteobacteria,o:Acetobacterales,f:Acetobacteraceae
OTU_234	0.0	0.0	0.0	0.0	0.0	0.6666666666666666	0.0	k:Bacteria,p:Proteobacteria,c:Alphaproteobacteria,o:Rhizobiales,f:Xanthobacteraceae,g:Bradyrhizobium,s:Bradyrhizobium_sp._URHD0069
OTU_100	0.0	0.0	0.0	0.0	0.0	0.3333333333333333	0.16666666666666666	k:Bacteria,p:Firmicutes,c:Clostridia,o:Clostridia_UCG-014
OTU_947	0.0	0.0	0.0	0.0	0.0	1.0	0.0	k:Bacteria,p:Proteobacteria,c:Alphaproteobacteria,o:Caulobacterales,f:Caulobacteraceae,g:Brevundimonas,s:Brevundimonas_sp.
OTU_458	0.0	0.0	0.0	0.0	0.0	0.6666666666666666	0.0	k:Bacteria,p:Proteobacteria,c:Alphaproteobacteria,o:Rhizobiales,f:Labraceae,g:Labrys
OTU_194	0.0	0.0	0.3333333333333333	0.0	0.0	0.3333333333333333	0.0	k:Bacteria,p:Firmicutes,c:Bacilli,o:Staphylococcales,f:Staphylococcaceae,g:Macrococcus,s:Macrococcus_lamae
OTU_634	0.0	0.0	0.0	0.0	0.0	0.3333333333333333	0.0	k:Bacteria,p:Actinobacteriota,c:Actinobacteria,o:Micrococcales,f:Dermacoccaceae,g:Dermacoccus,s:Dermacoccus_nishinomiyaensis
OTU_1370	0.0	0.0	0.3333333333333333	0.0	0.3333333333333333	1.0	0.16666666666666666	k:Bacteria,p:Patescibacteria,c:Saccharimonadia,o:Saccharimonadales,f:Saccharimonadaceae,g:TM7x
OTU_131	0.0	0.0	0.0	0.0	0.0	1.0	0.0	k:Bacteria,p:Proteobacteria,c:Alphaproteobacteria,o:Rhizobiales,f:Beijerinckiaceae,g:Methylobacterium-Methylorubrum
OTU_1908	0.0	0.0	0.0	0.0	0.0	0.3333333333333333	0.3333333333333333	k:Bacteria,p:Proteobacteria,c:Gammaproteobacteria,o:Pseudomonadales,f:Moraxellaceae,g:Moraxella
OTU_3281	0.0	0.0	0.0	0.0	0.0	0.3333333333333333	0.0	k:Bacteria,p:Proteobacteria,c:Gammaproteobacteria,o:Acidiferrobacterales,f:Acidiferrobacteraceae
OTU_1909	0.0	0.0	0.0	0.0	0.0	0.6666666666666666	0.0	k:Bacteria,p:Proteobacteria,c:Gammaproteobacteria,o:Enterobacterales,f:Enterobacteriaceae,g:Escherichia-Shigella
OTU_312	0.0	0.0	0.0	0.0	0.0	0.3333333333333333	0.16666666666666666	k:Bacteria,p:Proteobacteria,c:Gammaproteobacteria,o:Pasteurellales,f:Pasteurellaceae,g:Actinobacillus
OTU_2192	0.0	0.0	1.0	0.0	0.0	0.6666666666666666	0.0	k:Bacteria,p:Firmicutes,c:Bacilli,o:Staphylococcales,f:Staphylococcaceae,g:Macrococcus
OTU_2198	0.0	0.0	0.0	0.0	0.0	0.6666666666666666	0.0	k:Bacteria,p:Proteobacteria,c:Alphaproteobacteria,o:Sphingomonadales,f:Sphingomonadaceae,g:Sphingomonas
OTU_3275	0.0	0.0	0.0	0.0	0.0	0.6666666666666666	0.0	k:Bacteria,p:Proteobacteria,c:Alphaproteobacteria,o:Rhizobiales,f:Beijerinckiaceae,g:1174-901-12
OTU_1011	0.0	0.0	0.0	0.0	0.0	1.3333333333333333	0.0	k:Bacteria,p:Actinobacteriota,c:Actinobacteria,o:Micrococcales,f:Microbacteriaceae,g:Amnibacterium,s:Amnibacterium_sp.
OTU_4012	0.0	0.0	0.0	0.0	0.0	1.0	0.0	k:Bacteria,p:Actinobacteriota,c:Actinobacteria,o:Micrococcales,f:Microbacteriaceae,g:Curtobacterium
OTU_1125	0.0	0.0	0.0	0.0	0.0	0.3333333333333333	0.3333333333333333	k:Bacteria,p:Actinobacteriota,c:Actinobacteria,o:Actinomycetales,f:Actinomycetaceae,g:Actinomyces
OTU_1170	0.0	0.0	0.0	0.0	0.0	0.3333333333333333	0.0	k:Bacteria,p:Proteobacteria,c:Gammaproteobacteria,o:Pseudomonadales,f:Moraxellaceae,g:Moraxella,s:Moraxella_sp._canine_oral_taxon_017
OTU_2196	0.0	0.0	0.0	0.0	0.0	0.6666666666666666	0.0	k:Bacteria,p:Actinobacteriota,c:Actinobacteria,o:Propionibacteriales,f:Propionibacteriaceae,g:Tessaracoccus
OTU_334	0.0	0.0	0.0	0.0	0.0	0.6666666666666666	0.0	k:Bacteria,p:Proteobacteria,c:Gammaproteobacteria,o:Enterobacterales,f:Enterobacteriaceae
OTU_44	0.0	0.0	0.0	0.0	0.0	0.6666666666666666	0.0	k:Bacteria,p:Firmicutes,c:Bacilli,o:Lactobacillales,f:Streptococcaceae,g:Streptococcus
OTU_1233	0.0	0.0	0.0	0.0	0.0	1.0	0.0	k:Bacteria,p:Firmicutes,c:Bacilli,o:Lactobacillales,f:Leuconostocaceae,g:Weissella,s:Weissella_confusa
OTU_320	0.0	0.0	0.0	0.0	0.0	0.3333333333333333	0.0	k:Bacteria,p:Firmicutes,c:Bacilli,o:Lactobacillales,f:Streptococcaceae,g:Streptococcus
OTU_156	0.0	0.0	0.0	0.0	0.0	0.3333333333333333	0.16666666666666666	k:Bacteria,p:Actinobacteriota,c:Actinobacteria,o:Micrococcales,f:Micrococcaceae,g:Arthrobacter
OTU_2195	0.0	0.0	0.0	0.0	0.0	0.3333333333333333	0.0	k:Bacteria,p:Firmicutes,c:Bacilli,o:Lactobacillales,f:Streptococcaceae,g:Streptococcus
OTU_1000	0.0	0.0	0.0	0.0	0.0	0.0	0.0	k:Bacteria,p:Proteobacteria,c:Gammaproteobacteria,o:Enterobacterales,f:Enterobacteriaceae,g:Kosakonia
OTU_2097	0.0	0.0	0.3333333333333333	0.0	0.0	0.3333333333333333	0.0	k:Bacteria,p:Firmicutes,c:Bacilli,o:Lactobacillales,f:Streptococcaceae,g:Streptococcus
OTU_1001	0.0	0.0	0.6666666666666666	0.0	0.0	0.3333333333333333	0.0	k:Bacteria,p:Firmicutes,c:Bacilli,o:Erysipelotrichales,f:Erysipelotrichaceae,g:Turicibacter
OTU_2804	0.0	0.0	0.0	0.0	0.0	0.3333333333333333	0.16666666666666666	k:Bacteria,p:Firmicutes,c:Bacilli,o:Lactobacillales,f:Streptococcaceae,g:Streptococcus,s:Streptococcus_alactolyticus
OTU_2488	0.0	0.0	0.0	0.0	0.0	0.6666666666666666	0.0	k:Bacteria,p:Proteobacteria,c:Gammaproteobacteria,o:Burkholderiales,f:Burkholderiaceae,g:Burkholderia-Caballeronia-Paraburkholderia
OTU_1264	0.0	0.0	0.0	0.0	0.0	0.6666666666666666	0.0	k:Bacteria,p:Planctomycetota,c:Planctomycetes,o:Isosphaerales,f:Isosphaeraceae,g:Paludisphaera,s:Isosphaera-like_str._CJuql1
OTU_198	0.0	0.0	0.3333333333333333	0.0	0.0	0.3333333333333333	0.0	k:Bacteria,p:Firmicutes,c:Bacilli,o:Lactobacillales,f:Streptococcaceae,g:Streptococcus
OTU_1323	0.0	0.0	0.0	0.0	0.0	0.3333333333333333	0.0	k:Bacteria,p:Acidobacteriota,c:Holophagae,o:Subgroup_7
OTU_3980	0.0	0.0	0.3333333333333333	0.0	0.0	0.0	0.16666666666666666	k:Bacteria,p:Firmicutes,c:Clostridia,o:Clostridiales,f:Clostridiaceae,g:Clostridium_sensu_stricto_1
OTU_1710	0.0	0.0	0.0	0.0	0.0	0.0	0.3333333333333333	k:Bacteria,p:Firmicutes,c:Bacilli,o:Lactobacillales,f:Streptococcaceae,g:Streptococcus
OTU_2932	0.0	0.0	0.0	0.0	0.0	0.0	0.16666666666666666	k:Bacteria,p:Proteobacteria,c:Gammaproteobacteria,o:Xanthomonadales,f:Xanthomonadaceae,g:Xanthomonas,s:Xanthomonas_translucens_pv._translucens
OTU_2919	0.0	0.0	0.0	0.0	0.0	0.0	0.3333333333333333	k:Bacteria,p:Proteobacteria,c:Gammaproteobacteria,o:Burkholderiales,f:TRA3-20
OTU_107	0.0	0.0	0.0	0.0	0.3333333333333333	0.0	0.3333333333333333	k:Bacteria,p:Proteobacteria,c:Alphaproteobacteria,o:Rhizobiales,f:Beijerinckiaceae,g:Methylobacterium-Methylorubrum,s:Methylobacterium_aerolatum
OTU_160	0.0	0.0	0.0	0.0	0.0	0.0	0.16666666666666666	k:Bacteria,p:Firmicutes,c:Bacilli,o:Lactobacillales,f:Streptococcaceae,g:Streptococcus,s:Streptococcus_alactolyticus
OTU_12	0.0	0.0	4.333333333333333	0.0	0.0	0.0	0.16666666666666666	k:Bacteria,p:Firmicutes,c:Bacilli,o:Lactobacillales,f:Leuconostocaceae,g:Leuconostoc,s:Leuconostoc_lactis
OTU_1602	0.0	0.0	0.0	0.0	0.0	0.0	0.16666666666666666	k:Bacteria,p:Proteobacteria,c:Gammaproteobacteria,o:Enterobacterales,f:Morganellaceae,g:Arsenophonus
OTU_643	0.0	0.0	0.0	0.0	0.0	0.0	0.0	k:Bacteria,p:Proteobacteria,c:Alphaproteobacteria,o:Rhizobiales,f:Beijerinckiaceae,g:Methylobacterium-Methylorubrum
OTU_269	0.0	0.0	0.0	0.0	0.0	0.0	0.3333333333333333	k:Bacteria,p:Proteobacteria,c:Alphaproteobacteria,o:Sphingomonadales,f:Sphingomonadaceae,g:Sphingomonas
OTU_913	0.0	0.0	0.0	0.0	0.0	0.0	0.16666666666666666	k:Bacteria,p:Firmicutes,c:Bacilli,o:Lactobacillales,f:Lactobacillaceae,g:Lactobacillus,s:Lactobacillus_brevis
OTU_252	0.0	0.0	3.0	0.0	0.3333333333333333	0.0	0.5	k:Bacteria,p:Firmicutes,c:Bacilli,o:Lactobacillales,f:Lactobacillaceae,g:Lactobacillus
OTU_2501	0.0	0.0	0.0	0.0	0.0	0.0	0.3333333333333333	k:Bacteria,p:Firmicutes,c:Bacilli,o:Thermoactinomycetales,f:Thermoactinomycetaceae,g:Kroppenstedtia
OTU_2105	0.0	0.0	0.0	0.0	0.0	0.0	0.3333333333333333	k:Bacteria,p:Firmicutes,c:Bacilli,o:Lactobacillales,f:Lactobacillaceae,g:Lactobacillus,s:Lactobacillus_acetotolerans_DSM_20749_
OTU_1282	0.0	0.0	0.0	0.0	0.3333333333333333	0.0	0.0	k:Bacteria,p:Firmicutes,c:Clostridia,o:Clostridiales,f:Clostridiaceae,g:Clostridium_sensu_stricto_1
OTU_1738	0.0	0.0	0.3333333333333333	0.0	0.0	0.0	0.3333333333333333	k:Bacteria,p:Firmicutes,c:Bacilli,o:Lactobacillales,f:Lactobacillaceae,g:Lactobacillus,s:Lactobacillus_plantarum
OTU_3841	0.0	0.0	0.3333333333333333	0.0	0.0	0.0	0.16666666666666666	k:Bacteria,p:Firmicutes,c:Bacilli,o:Bacillales,f:Bacillaceae,g:Bacillus
OTU_734	0.0	0.0	0.0	0.0	0.0	0.0	0.5	k:Bacteria,p:Firmicutes,c:Clostridia,o:Peptostreptococcales-Tissierellales,g:Helcococcus,s:Helcococcus_sueciensis
OTU_2882	0.0	0.0	0.0	0.0	0.0	0.0	0.3333333333333333	k:Bacteria,p:Bdellovibrionota,c:Bdellovibrionia,o:Bdellovibrionales,f:Bdellovibrionaceae,g:Bdellovibrio,s:Bdellovibrio_bacteriovorus
OTU_227	0.0	0.0	0.3333333333333333	0.0	0.0	0.0	0.16666666666666666	k:Bacteria,p:Firmicutes,c:Bacilli,o:Lactobacillales,f:Lactobacillaceae,g:Lactobacillus,s:Lactobacillus_pontis
OTU_42	0.0	0.0	0.0	0.0	0.0	0.0	20.0	k:Bacteria,p:Firmicutes,c:Bacilli,o:Lactobacillales,f:Streptococcaceae,g:Streptococcus,s:Streptococcus_suis
OTU_2879	0.0	0.0	0.0	0.0	0.0	0.0	0.16666666666666666	k:Bacteria,p:Firmicutes,c:Bacilli,o:Lactobacillales,f:Streptococcaceae,g:Streptococcus,s:Streptococcus_alactolyticus
OTU_2934	0.0	0.0	0.3333333333333333	0.0	0.0	0.0	0.0	k:Bacteria,p:Firmicutes,c:Bacilli,o:Thermoactinomycetales,f:Thermoactinomycetaceae,g:Kroppenstedtia
OTU_1239	0.0	0.0	0.0	0.0	0.0	0.0	0.3333333333333333	k:Bacteria,p:Firmicutes,c:Bacilli,o:Lactobacillales,f:Lactobacillaceae,g:Lactobacillus,s:Lactobacillus_reuteri
OTU_229	0.0	0.0	0.0	0.0	0.3333333333333333	0.0	0.0	k:Bacteria,p:Firmicutes,c:Bacilli,o:Bacillales,f:Sporolactobacillaceae,g:Scopulibacillus,s:Scopulibacillus_daqui
OTU_1678	0.0	0.0	0.3333333333333333	0.0	0.0	0.0	0.0	k:Bacteria,p:Firmicutes,c:Clostridia,o:Peptostreptococcales-Tissierellales,f:Peptostreptococcaceae
OTU_680	0.0	0.0	0.3333333333333333	0.0	0.3333333333333333	0.0	0.0	k:Bacteria,p:Firmicutes,c:Bacilli,o:Bacillales,f:Bacillaceae,g:Geobacillus,s:Geobacillus_sp._AKNT12
OTU_177	0.0	0.0	0.0	0.0	0.3333333333333333	0.0	0.16666666666666666	k:Bacteria,p:Bacteroidota,c:Bacteroidia,o:Flavobacteriales,f:Flavobacteriaceae,g:Flavobacterium
OTU_43	0.0	0.0	0.0	0.0	0.0	0.0	0.16666666666666666	k:Bacteria,p:Firmicutes,c:Bacilli,o:Lactobacillales,f:Streptococcaceae,g:Streptococcus,s:Streptococcus_suis
OTU_1218	0.0	0.0	0.0	0.0	0.0	0.0	0.3333333333333333	k:Bacteria,p:Firmicutes,c:Bacilli,o:Lactobacillales,f:Carnobacteriaceae,g:Granulicatella
OTU_1195	0.0	0.0	0.0	0.0	0.0	0.0	0.3333333333333333	k:Bacteria,p:Firmicutes,c:Bacilli,o:Lactobacillales,f:Carnobacteriaceae,g:Granulicatella
OTU_120	0.0	0.0	0.0	0.0	0.0	0.0	0.5	k:Bacteria,p:Firmicutes,c:Bacilli,o:Lactobacillales,f:Streptococcaceae,g:Streptococcus
OTU_144	0.0	0.0	0.0	0.0	0.0	0.0	0.16666666666666666	k:Bacteria,p:Proteobacteria,c:Alphaproteobacteria,o:Sphingomonadales,f:Sphingomonadaceae,g:Altererythrobacter
OTU_2746	0.0	0.0	0.0	0.0	0.0	0.0	0.3333333333333333	k:Bacteria,p:Firmicutes,c:Bacilli,o:Lactobacillales,f:Aerococcaceae,g:Facklamia
OTU_1184	0.0	0.0	0.0	0.0	0.0	0.0	1.5	k:Bacteria,p:Bacteroidota,c:Bacteroidia,o:Bacteroidales,f:Porphyromonadaceae,g:Porphyromonas,s:Porphyromonadaceae_bacterium_FC4
OTU_1217	0.0	0.0	0.0	0.0	0.0	0.0	0.3333333333333333	k:Bacteria,p:Firmicutes,c:Bacilli,o:Lactobacillales,f:Aerococcaceae,g:Facklamia
OTU_2050	0.0	0.0	0.0	0.0	0.0	0.0	0.16666666666666666	k:Bacteria,p:Firmicutes,c:Clostridia,o:Peptostreptococcales-Tissierellales
OTU_165	0.0	0.0	0.0	0.0	0.0	0.0	0.5	k:Bacteria,p:Bacteroidota,c:Bacteroidia,o:Bacteroidales,f:Porphyromonadaceae,g:Porphyromonas
OTU_1187	0.0	0.0	0.0	0.0	0.0	0.0	0.16666666666666666	k:Bacteria,p:Proteobacteria,c:Gammaproteobacteria,o:Pseudomonadales,f:Moraxellaceae,g:Psychrobacter
OTU_151	0.0	0.0	0.0	0.0	0.0	0.0	0.16666666666666666	k:Bacteria,p:Bacteroidota,c:Bacteroidia,o:Bacteroidales,f:Dysgonomonadaceae,g:Proteiniphilum,s:Petrimonas_sp._B-17
OTU_183	0.0	0.0	0.0	0.0	0.0	0.0	0.16666666666666666	k:Bacteria,p:Firmicutes,c:Negativicutes,o:Veillonellales-Selenomonadales,f:Veillonellaceae,g:Dialister
