#OTU ID	S1.1st	S1.2nd	S1.3rd	S2.1st	S2.2nd	S2.3rd	S3.1st	S3.2nd	S3.3rd	E1.1st	E1.2nd	E1.3rd	E2.1st	E2.2nd	E2.3rd	E3.1st	E3.2nd	E3.3rd	E4.1st	E4.2nd	E4.3rd	E5.1st	E5.2nd	E5.3rd	taxonomy
OTU_3	20197	19694	19681	3063	3381	3229	9602	10929	15647	19556	15054	8437	9253	8518	3729	5229	11817	8359	788	498	137	575	638	591	k:Bacteria,p:Proteobacteria,c:Gammaproteobacteria,o:Enterobacterales,f:Enterobacteriaceae,g:Escherichia-Shigella
OTU_17	3362	3487	3442	10	9	13	60	56	38	2	1	3	2	1	0	4	1	1	0	1	0	0	0	0	k:Bacteria,p:Proteobacteria,c:Gammaproteobacteria,o:Enterobacterales,f:Enterobacteriaceae,g:Klebsiella
OTU_5	168	251	254	67	63	54	8021	7647	4069	3118	3263	1033	890	1627	14283	1278	1630	3305	883	255	108	159	181	200	k:Bacteria,p:Firmicutes,c:Clostridia,o:Clostridiales,f:Clostridiaceae,g:Clostridium_sensu_stricto_1,s:Clostridium_disporicum
OTU_61	119	126	136	0	0	0	0	0	0	0	0	0	1	0	0	0	0	0	0	0	0	0	0	0	k:Bacteria,p:Firmicutes,c:Bacilli,o:Paenibacillales,f:Paenibacillaceae,g:Paenibacillus
OTU_33	34	55	68	1	9	1	0	0	0	0	0	0	0	0	3	106	0	0	1	3	28	1	7	0	k:Bacteria,p:Proteobacteria,c:Gammaproteobacteria,o:Pseudomonadales,f:Moraxellaceae,g:Acinetobacter
OTU_78	60	55	62	0	0	0	0	0	0	0	0	0	0	0	0	0	0	0	0	0	0	0	0	0	k:Bacteria,p:Firmicutes,c:Bacilli,o:Lactobacillales,f:Enterococcaceae,g:Enterococcus,s:Enterococcus_casseliflavus
OTU_578	1	13	17	1	0	0	0	0	0	0	0	0	0	0	0	0	0	0	0	0	0	0	0	0	k:Bacteria,p:Firmicutes,c:Bacilli,o:Lactobacillales,f:Enterococcaceae,g:Enterococcus
OTU_75	301	450	439	24	20	16	0	0	1	0	0	1	0	0	0	1	0	0	0	0	0	0	0	0	k:Bacteria,p:Firmicutes,c:Bacilli,o:Lactobacillales,f:Enterococcaceae,g:Enterococcus
OTU_4382	2	0	2	0	0	0	0	0	1	0	0	1	1	0	0	0	0	0	0	0	0	0	0	0	k:Bacteria,p:Proteobacteria,c:Gammaproteobacteria,o:Enterobacterales,f:Enterobacteriaceae
OTU_27	138	212	224	1191	1287	1155	2	0	0	27	6	12	0	1	0	11	2	246	4	1	3	0	1	2	k:Bacteria,p:Firmicutes,c:Bacilli,o:Lactobacillales,f:Enterococcaceae,g:Enterococcus
OTU_1999	5	1	1	0	0	0	0	0	0	0	0	0	0	0	0	0	0	0	0	0	0	0	0	0	k:Bacteria,p:Proteobacteria,c:Gammaproteobacteria,o:Xanthomonadales,f:Xanthomonadaceae,g:Xanthomonas
OTU_6	18	35	57	3043	2943	2705	2636	2409	4289	3	1	6	2	1	0	18	0	0	1328	326	12	3	3	2	k:Bacteria,p:Firmicutes,c:Bacilli,o:Lactobacillales,f:Streptococcaceae,g:Streptococcus
OTU_18	137	134	105	14	18	26	3	7	3	0	1	0	0	0	0	6	0	1	0	0	0	0	3	0	k:Bacteria,p:Proteobacteria,c:Gammaproteobacteria,o:Enterobacterales,f:Enterobacteriaceae,g:Klebsiella
OTU_792	8	1	2	0	0	0	0	0	0	0	0	0	0	0	0	0	0	0	0	0	0	0	0	0	k:Bacteria,p:Proteobacteria,c:Gammaproteobacteria,o:Enterobacterales
OTU_814	13	12	9	1	0	0	0	0	0	0	0	0	0	0	0	0	0	0	0	0	0	0	0	0	k:Bacteria,p:Proteobacteria,c:Gammaproteobacteria,o:Enterobacterales,f:Enterobacteriaceae,g:Escherichia-Shigella
OTU_96	1	0	0	0	0	0	0	2	1	0	0	0	0	0	0	0	0	0	0	0	0	0	0	0	k:Bacteria,p:Firmicutes,c:Bacilli,o:Staphylococcales,f:Staphylococcaceae,g:Staphylococcus
OTU_106	21	14	19	1	0	2	0	0	0	0	0	0	0	0	0	0	0	0	0	0	0	0	0	0	k:Bacteria,p:Firmicutes,c:Bacilli,o:Lactobacillales,f:Enterococcaceae,g:Enterococcus
OTU_49	40	40	48	0	0	0	0	0	0	0	0	0	0	0	0	0	0	0	0	0	0	0	0	0	k:Bacteria,p:Firmicutes,c:Bacilli,o:Bacillales,f:Planococcaceae,g:Lysinibacillus
OTU_2371	18	21	21	0	0	0	0	0	0	0	0	0	0	1	0	0	0	0	0	0	0	0	0	0	k:Bacteria,p:Firmicutes,c:Bacilli,o:Lactobacillales,f:Enterococcaceae,g:Enterococcus
OTU_794	10	6	6	0	0	1	0	0	0	0	0	0	0	0	0	0	0	0	0	0	0	0	0	0	k:Bacteria,p:Proteobacteria,c:Gammaproteobacteria,o:Enterobacterales,f:Enterobacteriaceae,g:Escherichia-Shigella
OTU_1219	4	1	1	0	0	0	0	0	0	0	0	0	0	0	0	0	0	0	0	0	0	0	0	0	k:Bacteria,p:Proteobacteria,c:Gammaproteobacteria,o:Enterobacterales,f:Enterobacteriaceae,g:Escherichia-Shigella
OTU_1895	30	38	40	1432	1523	1558	3	0	0	1	1	1	3	1	0	7	0	9	0	0	0	0	0	0	k:Bacteria,p:Proteobacteria,c:Gammaproteobacteria,o:Enterobacterales,f:Enterobacteriaceae,g:Klebsiella
OTU_655	2	2	1	0	0	0	0	0	0	0	0	0	0	0	0	0	0	0	0	0	0	0	0	0	k:Bacteria,p:Firmicutes,c:Clostridia,o:Lachnospirales,f:Lachnospiraceae
OTU_19	68	138	163	5	3	4	493	508	645	347	301	56	347	170	512	4	46	54	5	6	0	8	8	7	k:Bacteria,p:Firmicutes,c:Bacilli,o:Erysipelotrichales,f:Erysipelotrichaceae,g:Turicibacter
OTU_81	73	43	59	0	0	0	0	0	0	0	0	0	1	0	0	0	0	0	0	0	0	0	0	0	k:Bacteria,p:Firmicutes,c:Bacilli,o:Paenibacillales,f:Paenibacillaceae,g:Paenibacillus
OTU_23	32	61	57	1	1	1	391	303	165	297	750	154	42	292	777	4	71	398	9	3	2	2	0	0	k:Bacteria,p:Firmicutes,c:Clostridia,o:Peptostreptococcales-Tissierellales,f:Peptostreptococcaceae,g:Terrisporobacter
OTU_789	9	4	9	0	0	0	0	0	0	0	0	0	0	0	0	0	0	0	0	0	0	0	0	0	k:Bacteria,p:Firmicutes,c:Bacilli,o:Paenibacillales,f:Paenibacillaceae,g:Paenibacillus
OTU_2743	3	0	2	0	0	0	0	0	0	0	0	0	0	0	0	0	0	0	0	0	0	0	0	0	k:Bacteria,p:Firmicutes,c:Bacilli,o:Paenibacillales,f:Paenibacillaceae,g:Paenibacillus
OTU_99	2	0	0	20	2	11	1	1	14	0	0	0	0	0	0	0	0	0	0	0	0	0	2	2	k:Bacteria,p:Proteobacteria,c:Gammaproteobacteria,o:Enterobacterales,f:Enterobacteriaceae,g:Klebsiella,s:Klebsiella_pneumoniae
OTU_5585	4	0	0	0	0	0	0	0	0	0	0	0	0	0	0	0	0	0	0	0	0	0	0	0	k:Bacteria,p:Firmicutes,c:Bacilli
OTU_82	11	4	7	0	0	0	0	0	0	0	0	0	0	0	0	0	0	0	0	0	0	0	0	0	k:Bacteria,p:Actinobacteriota,c:Actinobacteria,o:Micrococcales,f:Micrococcaceae,g:Arthrobacter,s:Arthrobacter_sp._Edens01
OTU_2651	1	0	0	0	0	0	0	0	0	0	0	0	0	0	0	0	0	0	0	0	0	0	0	0	k:Bacteria,p:Firmicutes,c:Bacilli,o:Bacillales,f:Bacillaceae,g:Bacillus
OTU_4	25	42	33	5	1	7	15	18	19	21	19	12	8	12	4	11	23	11	3	2	0	0	0	0	k:Bacteria,p:Proteobacteria,c:Gammaproteobacteria,o:Enterobacterales,f:Enterobacteriaceae,g:Escherichia-Shigella
OTU_3902	1	0	1	0	0	0	0	1	0	0	2	1	0	0	0	0	0	2	0	0	0	0	0	0	k:Bacteria,p:Firmicutes,c:Clostridia,o:Peptostreptococcales-Tissierellales,f:Peptostreptococcaceae
OTU_115	16	9	10	0	0	0	13	4	36	22	19	40	4	18	1	0	86	32	0	0	1	0	1	0	k:Bacteria,p:Proteobacteria,c:Gammaproteobacteria,o:Enterobacterales,f:Enterobacteriaceae
OTU_380	2	1	0	2	1	0	0	0	0	0	0	0	0	0	0	0	1	3	0	0	0	0	0	0	k:Bacteria,p:Firmicutes,c:Bacilli,o:Bacillales,f:Bacillaceae,g:Bacillus,s:Bacillus_licheniformis
OTU_4384	1	0	1	0	0	0	0	0	0	0	0	0	0	0	0	0	0	0	0	0	0	0	0	0	k:Bacteria,p:Proteobacteria,c:Gammaproteobacteria,o:Enterobacterales,f:Enterobacteriaceae,g:Escherichia-Shigella
OTU_798	1	0	0	0	0	0	0	0	0	0	0	0	0	0	0	0	0	0	0	0	0	0	0	0	k:Bacteria,p:Firmicutes,c:Bacilli,o:Lactobacillales,f:Enterococcaceae,g:Enterococcus,s:Enterococcus_casseliflavus
OTU_677	3	2	1	0	0	0	0	0	0	0	0	0	0	0	0	0	0	0	0	0	0	0	0	0	k:Bacteria,p:Proteobacteria,c:Gammaproteobacteria,o:Burkholderiales,f:Alcaligenaceae,g:Verticiella
OTU_2373	2	0	1	0	0	0	0	0	0	0	0	0	0	0	0	0	0	0	0	0	0	0	0	0	k:Bacteria,p:Firmicutes,c:Bacilli,o:Paenibacillales,f:Paenibacillaceae,g:Paenibacillus
OTU_13	5	6	4	9334	8858	8964	1	0	0	3	3	5	7	4	0	38	0	0	0	0	2	0	1	0	k:Bacteria,p:Firmicutes,c:Bacilli,o:Lactobacillales,f:Leuconostocaceae,g:Weissella
OTU_63	2	3	4	2	4	4	24	17	0	6	2	3	1	2	1	3	4	2	1	0	42	2	0	2	k:Bacteria,p:Firmicutes,c:Bacilli,o:Lactobacillales,f:Lactobacillaceae,g:Lactobacillus,s:Lactobacillus_pontis
OTU_688	5	6	2	0	0	0	0	0	0	0	0	0	0	0	0	0	0	0	0	0	0	0	0	0	k:Bacteria,p:Firmicutes,c:Bacilli,o:Paenibacillales,f:Paenibacillaceae,g:Paenibacillus
OTU_629	0	0	3	0	0	0	0	0	0	0	0	0	0	0	0	0	0	0	0	0	0	0	0	0	k:Bacteria,p:Actinobacteriota,c:Actinobacteria,o:Corynebacteriales,f:Corynebacteriaceae,g:Corynebacterium,s:Corynebacterium_glyciniphilum_AJ_3170
OTU_1	16	26	25	17	38	23	38	34	33	1642	5628	15116	14566	13936	4632	17634	11132	12402	21969	23989	24706	24201	24095	24159	k:Bacteria,p:Firmicutes,c:Bacilli,o:Lactobacillales,f:Streptococcaceae,g:Streptococcus,s:Streptococcus_alactolyticus
OTU_3188	1	0	0	2	4	5	0	0	0	1	0	0	0	0	0	1	0	9	0	0	0	0	1	0	k:Bacteria,p:Firmicutes,c:Bacilli,o:Lactobacillales,f:Enterococcaceae,g:Enterococcus
OTU_2745	0	0	0	0	0	0	0	0	0	0	0	0	0	0	0	0	0	0	0	0	0	0	0	0	k:Bacteria,p:Proteobacteria,c:Gammaproteobacteria,o:Enterobacterales,f:Enterobacteriaceae,g:Escherichia-Shigella,s:Escherichia_coli
OTU_2024	2	4	1	0	0	0	0	0	0	0	0	0	0	0	0	0	0	0	0	0	0	0	0	0	k:Bacteria,p:Firmicutes,c:Bacilli,o:Lactobacillales,f:Enterococcaceae,g:Enterococcus,s:Enterococcus_casseliflavus
OTU_80	2	1	2	4	2	3	4	2	0	0	0	1	0	1	0	3	2	1	0	0	8	3	0	1	k:Bacteria,p:Firmicutes,c:Bacilli,o:Lactobacillales,f:Lactobacillaceae,g:Lactobacillus,s:Lactobacillus_acetotolerans_DSM_20749_
OTU_2032	3	0	1	0	0	0	0	0	0	0	0	0	0	0	0	0	0	1	0	0	0	0	0	0	k:Bacteria,p:Proteobacteria,c:Gammaproteobacteria,o:Pseudomonadales,f:Pseudomonadaceae,g:Pseudomonas
OTU_72	2	1	0	2	1	3	16	13	21	0	0	0	0	0	0	0	0	0	0	0	0	0	0	0	k:Bacteria,p:Firmicutes,c:Clostridia,o:Peptostreptococcales-Tissierellales,f:Peptostreptococcaceae,g:Romboutsia
OTU_52	7	13	10	2	5	3	0	0	0	0	0	0	0	0	0	1	0	0	0	0	0	0	0	0	k:Bacteria,p:Firmicutes,c:Bacilli,o:Lactobacillales,f:Enterococcaceae,g:Enterococcus,s:Enterococcus_faecalis
OTU_815	1	0	0	0	0	0	0	0	0	0	0	0	0	0	0	0	1	0	0	0	0	0	0	0	k:Bacteria,p:Firmicutes,c:Clostridia,o:Clostridiales,f:Clostridiaceae,g:Clostridium_sensu_stricto_1
OTU_569	5	3	4	0	0	1	0	0	0	0	0	0	0	0	0	3	0	0	0	0	0	0	0	0	k:Bacteria,p:Proteobacteria,c:Gammaproteobacteria,o:Xanthomonadales,f:Xanthomonadaceae,g:Stenotrophomonas,s:Stenotrophomonas_sp.
OTU_2542	9	3	1	0	0	0	0	0	0	0	0	0	0	0	0	0	0	0	0	0	0	0	0	0	k:Bacteria,p:Proteobacteria,c:Gammaproteobacteria,o:Enterobacterales,f:Enterobacteriaceae,g:Enterobacter
OTU_1034	1	0	0	0	0	0	0	0	0	1	0	0	0	0	0	0	0	0	1	0	0	0	0	0	k:Bacteria,p:Firmicutes,c:Bacilli,o:Lactobacillales,f:Lactobacillaceae,g:Lactobacillus,s:Lactobacillus_acidipiscis
OTU_2826	0	0	0	0	0	0	0	0	1	0	1	8	0	0	0	0	10	4	0	0	0	1	7	4	k:Bacteria,p:Proteobacteria,c:Gammaproteobacteria,o:Enterobacterales,f:Enterobacteriaceae,g:Escherichia-Shigella
OTU_5526	2	0	0	0	0	0	0	0	0	0	0	0	0	0	0	0	0	0	0	0	0	0	0	0	k:Bacteria,p:Firmicutes,c:Bacilli,o:Paenibacillales,f:Paenibacillaceae,g:Paenibacillus
OTU_384	7	5	6	1	0	0	0	0	0	1	0	0	0	0	0	0	0	0	0	0	0	0	0	0	k:Bacteria,p:Firmicutes,c:Bacilli,o:Lactobacillales,f:Enterococcaceae,g:Enterococcus,s:Enterococcus_mundtii
OTU_1114	1	3	6	0	0	0	0	0	0	0	0	0	0	0	0	0	0	0	0	0	0	0	0	0	k:Bacteria,p:Proteobacteria,c:Gammaproteobacteria,o:Enterobacterales,f:Enterobacteriaceae,g:Citrobacter
OTU_3386	4	1	1	0	0	0	0	0	0	0	0	0	0	0	0	0	0	0	0	0	0	0	0	0	k:Bacteria,p:Firmicutes,c:Bacilli,o:Paenibacillales,f:Paenibacillaceae,g:Paenibacillus
OTU_687	1	2	1	0	0	0	0	0	0	0	0	0	0	0	0	0	0	0	0	0	0	0	0	0	k:Bacteria,p:Firmicutes,c:Bacilli,o:Paenibacillales,f:Paenibacillaceae,g:Paenibacillus,s:Paenibacillus_taiwanensis
OTU_1311	4	4	1	0	0	0	0	0	0	0	0	0	0	0	0	0	0	0	0	0	0	0	0	0	k:Bacteria,p:Proteobacteria,c:Gammaproteobacteria,o:Enterobacterales,f:Yersiniaceae,g:Serratia,s:Serratia_marcescens
OTU_620	3	5	2	0	0	0	0	0	0	0	0	0	0	0	0	0	0	0	0	0	0	0	0	0	k:Bacteria,p:Firmicutes,c:Bacilli,o:Bacillales,f:Planococcaceae,g:Lysinibacillus
OTU_3949	1	1	0	0	0	0	0	0	0	0	0	0	0	0	0	0	0	0	0	0	0	0	0	0	k:Bacteria,p:Firmicutes,c:Clostridia,o:Clostridiales,f:Clostridiaceae,g:Clostridium_sensu_stricto_1
OTU_3097	1	1	0	0	0	0	0	0	0	1	0	0	0	1	0	0	0	0	0	0	0	0	0	0	k:Bacteria,p:Proteobacteria,c:Gammaproteobacteria,o:Enterobacterales,f:Erwiniaceae,g:Pantoea
OTU_299	0	1	1	1	0	1	0	0	0	1	0	1	0	0	0	0	0	1	2	0	0	0	0	0	k:Bacteria,p:Firmicutes,c:Bacilli,o:Bacillales,f:Bacillaceae,g:Bacillus
OTU_344	1	1	1	0	0	4	0	1	0	1	3	1	0	1	0	2	0	0	0	0	0	0	0	0	k:Bacteria,p:Firmicutes,c:Bacilli,o:Lactobacillales,f:Lactobacillaceae,g:Lactobacillus,s:Lactobacillus_pontis
OTU_4965	2	0	2	0	1	0	0	0	0	0	0	0	0	0	0	0	0	0	0	0	0	0	0	0	k:Bacteria,p:Proteobacteria,c:Gammaproteobacteria,o:Enterobacterales,f:Enterobacteriaceae,g:Klebsiella
OTU_4641	1	0	1	0	0	0	0	0	0	0	0	0	0	0	0	0	0	0	0	0	0	0	0	0	k:Bacteria,p:Firmicutes,c:Bacilli,o:Lactobacillales,f:Enterococcaceae,g:Enterococcus,s:Enterococcus_casseliflavus
OTU_15	4	1	2	2672	2728	3038	0	0	0	3	1	0	0	2	0	10	0	0	0	0	0	0	2	0	k:Bacteria,p:Firmicutes,c:Bacilli,o:Lactobacillales,f:Lactobacillaceae,g:Lactobacillus,s:Lactobacillus_sakei
OTU_571	1	0	1	1	1	1	0	0	1	0	1	1	0	0	0	3	0	0	0	0	0	0	0	0	k:Bacteria,p:Firmicutes,c:Bacilli,o:Thermoactinomycetales,f:Thermoactinomycetaceae
OTU_1332	1	1	0	0	0	0	0	0	0	0	0	0	0	0	0	0	0	0	0	0	0	0	0	0	k:Bacteria,p:Firmicutes,c:Bacilli,o:Lactobacillales,f:Lactobacillaceae,g:Lactobacillus,s:Lactobacillus_plantarum
OTU_693	4	8	10	0	0	0	0	0	1	8	7	0	1	3	0	0	2	1	0	0	0	0	0	0	k:Bacteria,p:Firmicutes,c:Clostridia,o:Peptostreptococcales-Tissierellales,f:Peptostreptococcaceae,g:Terrisporobacter
OTU_73	3	4	0	0	0	0	0	0	0	0	0	0	0	0	0	0	0	0	0	0	0	0	0	0	k:Bacteria,p:Firmicutes,c:Bacilli,o:Paenibacillales,f:Paenibacillaceae,g:Paenibacillus,s:Paenibacillus_camelliae
OTU_2325	6	1	1	0	0	0	0	0	0	0	0	0	0	0	0	0	0	0	0	0	0	0	0	0	k:Bacteria,p:Firmicutes,c:Bacilli,o:Lactobacillales,f:Enterococcaceae,g:Enterococcus,s:Enterococcus_rivorum
OTU_779	2	0	0	0	0	0	0	0	0	0	0	0	0	0	0	0	0	0	0	0	0	0	0	0	k:Bacteria,p:Proteobacteria,c:Gammaproteobacteria,o:Enterobacterales,f:Enterobacteriaceae
OTU_856	1	0	0	0	1	0	0	0	0	0	0	11	5	8	0	1	11	5	0	0	0	5	5	6	k:Bacteria,p:Proteobacteria,c:Gammaproteobacteria,o:Enterobacterales,f:Enterobacteriaceae,g:Escherichia-Shigella
OTU_2114	2	0	0	0	0	0	1	0	0	0	0	0	0	0	0	0	0	0	0	0	0	0	0	0	k:Bacteria,p:Proteobacteria,c:Gammaproteobacteria,o:Enterobacterales,f:Enterobacteriaceae,g:Enterobacter
OTU_818	1	0	0	0	0	0	0	0	0	0	0	0	0	0	0	0	0	0	0	0	0	0	0	0	k:Bacteria,p:Firmicutes,c:Bacilli,o:Lactobacillales,f:Enterococcaceae,g:Enterococcus
OTU_1651	0	1	0	0	0	0	0	0	0	0	0	0	0	0	0	0	0	0	0	0	0	0	0	0	k:Bacteria,p:Firmicutes,c:Bacilli,o:Lactobacillales,f:Enterococcaceae,g:Enterococcus
OTU_4089	7	3	2	0	0	0	0	0	0	0	0	0	0	0	0	0	0	0	0	0	0	0	0	0	k:Bacteria,p:Firmicutes,c:Bacilli,o:Paenibacillales,f:Paenibacillaceae,g:Paenibacillus
OTU_3146	1	2	0	0	0	0	0	1	2	1	1	1	0	1	0	0	1	0	0	0	0	0	0	0	k:Bacteria,p:Proteobacteria,c:Gammaproteobacteria,o:Enterobacterales,f:Enterobacteriaceae,g:Escherichia-Shigella
OTU_810	0	0	1	0	0	0	0	0	0	0	0	0	0	0	0	0	0	0	0	0	0	0	0	0	k:Bacteria,p:Firmicutes,c:Bacilli,o:Bacillales
OTU_584	2	1	0	125	142	144	0	0	0	0	0	0	0	0	0	1	0	0	0	0	0	0	0	0	k:Bacteria,p:Proteobacteria,c:Gammaproteobacteria,o:Enterobacterales,f:Enterobacteriaceae,g:Klebsiella
OTU_4642	2	0	0	0	0	0	0	0	0	0	0	0	0	0	0	0	0	0	0	0	0	0	0	0	k:Bacteria,p:Proteobacteria,c:Gammaproteobacteria,o:Enterobacterales
OTU_2056	1	0	1	0	0	0	0	0	0	0	0	0	0	0	0	0	0	0	0	0	0	0	0	0	k:Bacteria,p:Actinobacteriota,c:Actinobacteria,o:Micrococcales,f:Microbacteriaceae,g:Microbacterium
OTU_25	2	2	1	2225	2211	2243	26	18	6	0	6	11	2	1	1	179	115	178	2	0	2	12	12	13	k:Bacteria,p:Firmicutes,c:Bacilli,o:Lactobacillales,f:Leuconostocaceae,g:Weissella,s:Weissella_confusa
OTU_788	9	3	1	0	0	0	0	0	0	0	0	0	0	0	0	0	0	0	0	0	0	0	0	0	k:Bacteria,p:Firmicutes,c:Bacilli,o:Paenibacillales,f:Paenibacillaceae,g:Paenibacillus
OTU_1054	2	1	1	0	0	0	0	0	0	0	0	0	0	0	0	0	0	0	0	0	0	0	0	0	k:Bacteria,p:Firmicutes,c:Bacilli,o:Erysipelotrichales,f:Erysipelotrichaceae,g:Turicibacter
OTU_568	2	1	2	0	0	0	0	0	0	0	0	0	0	0	0	0	0	0	0	0	0	0	0	0	k:Bacteria,p:Firmicutes,c:Bacilli,o:Bacillales,f:Bacillaceae,g:Bacillus
OTU_493	3	0	0	0	0	0	0	0	0	1	1	2	0	0	0	0	0	0	0	0	0	0	0	0	k:Bacteria,p:Proteobacteria,c:Gammaproteobacteria,o:Enterobacterales,f:Enterobacteriaceae
OTU_833	2	1	0	0	0	0	0	0	0	0	0	0	0	0	0	0	0	0	0	0	0	0	0	0	k:Bacteria,p:Firmicutes,c:Bacilli,o:Bacillales,f:Planococcaceae
OTU_2231	2	0	0	0	0	0	0	0	0	0	0	0	0	1	0	0	0	0	0	0	0	0	0	0	k:Bacteria,p:Proteobacteria,c:Gammaproteobacteria,o:Enterobacterales,f:Enterobacteriaceae
OTU_3370	1	0	1	0	0	1	0	0	0	0	1	1	2	0	0	0	3	0	0	0	0	0	0	0	k:Bacteria,p:Proteobacteria,c:Gammaproteobacteria,o:Enterobacterales,f:Enterobacteriaceae,g:Escherichia-Shigella
OTU_2540	3	3	4	9	7	4	0	0	0	0	0	0	1	0	0	6	0	1	0	0	0	0	0	0	k:Bacteria,p:Proteobacteria,c:Gammaproteobacteria,o:Pseudomonadales,f:Pseudomonadaceae,g:Pseudomonas
OTU_4985	2	0	0	0	0	0	0	0	0	0	0	0	0	0	0	0	0	0	0	0	0	0	0	0	k:Bacteria,p:Firmicutes,c:Bacilli,o:Paenibacillales,f:Paenibacillaceae,g:Paenibacillus
OTU_200	2	0	1	1	0	0	2	4	1	2	1	0	0	0	0	3	0	1	0	0	3	0	0	0	k:Bacteria,p:Firmicutes,c:Bacilli,o:Lactobacillales,f:Lactobacillaceae,g:Lactobacillus,s:Lactobacillus_buchneri
OTU_47	3	3	3	0	0	0	1	0	0	10	0	37	0	0	0	0	0	0	17	12	1	0	0	0	k:Bacteria,p:Firmicutes,c:Clostridia,o:Clostridiales,f:Clostridiaceae,g:Clostridium_sensu_stricto_1
OTU_1351	2	1	0	0	0	0	0	0	0	0	0	0	0	0	0	0	0	0	0	0	0	0	0	0	k:Bacteria,p:Proteobacteria,c:Gammaproteobacteria,o:Xanthomonadales,f:Xanthomonadaceae,g:Stenotrophomonas
OTU_801	3	7	1	0	0	0	0	0	0	0	0	0	0	0	0	0	0	0	0	0	0	0	0	0	k:Bacteria,p:Firmicutes,c:Bacilli,o:Lactobacillales,f:Enterococcaceae,g:Enterococcus
OTU_2534	2	4	13	0	0	0	0	0	0	0	0	0	0	0	0	0	0	0	0	0	0	0	0	0	k:Bacteria,p:Firmicutes,c:Bacilli,o:Paenibacillales,f:Paenibacillaceae,g:Paenibacillus,s:Paenibacillus_sp._FSL_R5-0345
OTU_690	3	5	1	1	2	0	0	0	2	3	1	3	1	4	1	4	0	2	0	1	0	2	1	0	k:Bacteria,p:Firmicutes,c:Bacilli,o:Lactobacillales,f:Lactobacillaceae,g:Lactobacillus,s:Lactobacillus_plantarum
OTU_1050	1	0	1	0	0	0	0	0	0	0	0	0	0	0	0	0	0	0	0	0	0	0	0	0	k:Bacteria,p:Firmicutes,c:Bacilli,o:Paenibacillales,f:Paenibacillaceae,g:Paenibacillus
OTU_572	3	0	2	0	0	0	0	0	0	0	0	0	0	0	0	0	0	0	0	0	0	0	0	0	k:Bacteria,p:Firmicutes,c:Bacilli,o:Bacillales,f:Planococcaceae,g:Psychrobacillus,s:Psychrobacillus_psychrodurans
OTU_2531	2	0	0	0	0	0	0	0	0	0	0	0	0	0	0	0	0	0	0	0	0	0	0	0	k:Bacteria,p:Firmicutes,c:Bacilli,o:Lactobacillales,f:Lactobacillaceae,g:Lactobacillus
OTU_2027	1	0	1	0	0	0	0	0	0	0	0	0	0	0	0	0	0	0	0	0	0	0	0	0	k:Bacteria,p:Firmicutes,c:Bacilli,o:Lactobacillales,f:Enterococcaceae,g:Enterococcus,s:Enterococcus_casseliflavus
OTU_360	1	1	0	0	0	0	0	0	0	1	0	1	0	1	0	0	2	0	0	0	0	0	0	0	k:Bacteria,p:Proteobacteria,c:Gammaproteobacteria,o:Enterobacterales,f:Enterobacteriaceae,g:Escherichia-Shigella
OTU_94	2	0	0	0	2	0	0	0	0	19	2	0	0	0	0	0	0	0	0	0	0	1	0	0	k:Bacteria,p:Firmicutes,c:Clostridia,o:Clostridiales,f:Clostridiaceae,g:Clostridium_sensu_stricto_1
OTU_1339	2	2	0	0	0	0	0	0	0	0	0	0	0	0	0	0	1	0	0	0	0	0	0	0	k:Bacteria,p:Proteobacteria,c:Gammaproteobacteria,o:Pseudomonadales,f:Pseudomonadaceae,g:Pseudomonas
OTU_114	2	5	5	0	0	0	0	0	0	0	0	0	0	0	0	0	0	0	0	0	0	0	0	0	k:Bacteria,p:Actinobacteriota,c:Actinobacteria,o:Micrococcales,f:Microbacteriaceae,g:Microbacterium
OTU_51	4	2	8	62	68	50	2	1	0	5	1	0	0	0	1	73	1	3	0	0	0	0	0	0	k:Bacteria,p:Proteobacteria,c:Gammaproteobacteria,o:Pseudomonadales,f:Pseudomonadaceae,g:Pseudomonas
OTU_1314	1	1	1	0	0	0	0	0	0	0	0	0	0	0	0	0	0	0	0	0	0	0	0	0	k:Bacteria,p:Proteobacteria,c:Gammaproteobacteria,o:Enterobacterales,f:Enterobacteriaceae,g:Enterobacter
OTU_141	3	3	2	1	0	0	0	0	0	0	0	0	0	0	0	0	0	0	0	0	0	0	0	0	k:Bacteria,p:Firmicutes,c:Bacilli,o:Lactobacillales,f:Enterococcaceae,g:Enterococcus,s:Enterococcus_sp._LF59
OTU_4434	1	1	0	0	0	0	0	0	1	0	0	0	0	0	0	0	0	0	0	0	0	0	0	0	k:Bacteria,p:Proteobacteria,c:Gammaproteobacteria,o:Enterobacterales,f:Enterobacteriaceae
OTU_1950	1	1	1	0	0	0	0	0	0	0	0	0	0	0	0	0	0	0	0	0	0	0	0	0	k:Bacteria,p:Proteobacteria,c:Gammaproteobacteria,o:Enterobacterales,f:Enterobacteriaceae,g:Escherichia-Shigella
OTU_2120	2	0	0	0	0	0	0	0	0	0	0	0	0	0	0	0	0	0	0	0	0	0	0	0	k:Bacteria,p:Proteobacteria,c:Gammaproteobacteria,o:Alteromonadales
OTU_1343	1	1	0	0	0	0	0	0	0	1	0	0	0	0	0	0	0	0	0	0	0	0	0	0	k:Bacteria,p:Firmicutes,c:Clostridia,o:Clostridiales,f:Clostridiaceae,g:Clostridium_sensu_stricto_13
OTU_842	2	0	0	0	0	0	0	0	0	0	0	0	0	0	0	0	0	0	0	0	0	0	0	0	k:Bacteria,p:Proteobacteria,c:Gammaproteobacteria
OTU_101	1	0	1	0	1	1	0	0	2	0	1	1	1	3	1	3	1	1	2	0	1	1	1	1	k:Bacteria,p:Firmicutes,c:Bacilli,o:Bacillales,f:Bacillaceae,g:Virgibacillus
OTU_309	1	0	0	0	0	0	1	4	1	0	0	1	1	0	0	2	0	0	0	0	1	0	0	0	k:Bacteria,p:Firmicutes,c:Bacilli,o:Lactobacillales,f:Lactobacillaceae,g:Lactobacillus
OTU_3171	1	1	0	1	0	1	0	0	0	0	0	0	0	0	0	0	0	0	0	0	0	0	0	0	k:Bacteria,p:Firmicutes,c:Bacilli,o:Lactobacillales,f:Lactobacillaceae,g:Lactobacillus,s:Lactobacillus_acetotolerans_DSM_20749_
OTU_2529	1	0	0	0	0	0	0	0	0	0	0	0	0	0	0	0	0	0	0	0	0	0	0	0	k:Bacteria,p:Firmicutes,c:Bacilli,o:Paenibacillales,f:Paenibacillaceae,g:Paenibacillus
OTU_222	0	0	1	0	0	0	0	1	1	1	2	0	0	1	0	0	2	1	0	0	0	0	0	0	k:Bacteria,p:Firmicutes,c:Clostridia,o:Peptostreptococcales-Tissierellales,f:Peptostreptococcaceae,g:Romboutsia,s:Clostridium_sp._K39
OTU_2294	1	0	0	0	0	3	0	0	0	0	0	2	0	6	0	0	2	0	0	0	0	0	3	0	k:Bacteria,p:Proteobacteria,c:Gammaproteobacteria,o:Enterobacterales,f:Enterobacteriaceae,g:Escherichia-Shigella
OTU_660	1	4	1	0	0	0	0	0	0	0	0	0	0	0	0	0	0	0	0	0	0	0	0	0	k:Bacteria,p:Proteobacteria,c:Gammaproteobacteria,o:Enterobacterales,f:Enterobacteriaceae,g:Salmonella
OTU_708	1	1	0	1	0	0	0	0	0	1	0	0	0	0	0	1	0	0	0	0	0	0	0	0	k:Bacteria,p:Firmicutes,c:Bacilli,o:Lactobacillales,f:Lactobacillaceae,g:Lactobacillus
OTU_768	3	1	0	1	0	2	0	0	1	2	0	0	0	0	1	2	2	2	0	0	0	0	1	0	k:Bacteria,p:Firmicutes,c:Bacilli,o:Lactobacillales,f:Streptococcaceae,g:Streptococcus,s:Streptococcus_alactolyticus
OTU_2001	0	0	0	0	0	2	0	0	0	0	0	0	1	0	0	0	0	0	0	0	0	0	0	0	k:Bacteria,p:Firmicutes,c:Bacilli,o:Bacillales,f:Sporolactobacillaceae,g:Scopulibacillus
OTU_121	2	1	2	0	0	0	0	0	0	0	0	0	0	0	0	0	0	0	0	0	0	0	0	0	k:Bacteria,p:Actinobacteriota,c:Actinobacteria,o:Micrococcales,f:Microbacteriaceae,g:Microbacterium
OTU_4343	1	0	3	1	0	8	1	0	1	1	0	1	3	0	1	0	2	4	3	0	0	1	1	2	k:Bacteria,p:Firmicutes,c:Bacilli,o:Lactobacillales,f:Lactobacillaceae,g:Lactobacillus
OTU_1118	0	0	2	0	0	0	0	0	0	0	0	0	0	0	0	0	0	0	0	0	0	0	0	0	k:Bacteria,p:Firmicutes,c:Bacilli,o:Paenibacillales,f:Paenibacillaceae,g:Paenibacillus,s:Paenibacillus_sp._FSL_R5-0345
OTU_2328	0	1	0	0	0	0	0	0	0	0	0	0	0	0	0	0	0	0	0	0	0	0	0	0	k:Bacteria,p:Proteobacteria,c:Gammaproteobacteria
OTU_4378	2	0	0	0	0	1	0	0	0	0	0	0	0	0	0	0	0	0	0	0	0	0	0	0	k:Bacteria,p:Firmicutes,c:Bacilli,o:Lactobacillales,f:Lactobacillaceae,g:Lactobacillus
OTU_614	3	3	2	0	0	0	0	0	0	0	0	0	0	0	0	0	0	0	0	0	0	0	0	0	k:Bacteria,p:Firmicutes,c:Bacilli,o:Lactobacillales,f:Enterococcaceae,g:Enterococcus,s:Enterococcus_faecium
OTU_1622	4	2	2	0	0	0	0	0	0	0	0	0	0	0	0	0	0	0	0	0	0	0	0	0	k:Bacteria,p:Proteobacteria,c:Gammaproteobacteria,o:Pseudomonadales,f:Moraxellaceae,g:Acinetobacter,s:Acinetobacter_lwoffii_NCTC_5866_
OTU_95	1	0	0	32	16	31	0	0	0	0	0	0	0	0	0	0	0	0	0	0	0	0	0	0	k:Bacteria,p:Proteobacteria,c:Gammaproteobacteria,o:Enterobacterales,f:Enterobacteriaceae,g:Klebsiella
OTU_306	1	2	1	1	0	1	1	2	2	0	3	0	1	0	0	3	3	2	1	1	1	4	2	1	k:Bacteria,p:Firmicutes,c:Bacilli,o:Lactobacillales,f:Lactobacillaceae,g:Lactobacillus
OTU_3612	1	0	0	0	1	0	0	0	0	0	0	0	0	0	0	0	0	0	0	0	0	0	1	0	k:Bacteria,p:Firmicutes,c:Bacilli,o:Lactobacillales,f:Enterococcaceae,g:Enterococcus
OTU_2117	1	0	0	0	0	0	0	0	0	0	0	0	0	0	0	0	0	0	0	0	0	0	0	0	k:Bacteria,p:Proteobacteria,c:Gammaproteobacteria,o:Enterobacterales,f:Enterobacteriaceae,g:Escherichia-Shigella
OTU_699	2	0	0	0	0	0	0	0	0	0	2	0	0	0	0	0	0	0	0	0	1	0	0	0	k:Bacteria,p:Proteobacteria,c:Gammaproteobacteria,o:Enterobacterales,f:Erwiniaceae
OTU_410	3	1	2	0	0	0	0	0	1	0	3	1	0	1	0	0	1	1	0	0	0	0	0	0	k:Bacteria,p:Proteobacteria,c:Gammaproteobacteria,o:Enterobacterales,f:Enterobacteriaceae,g:Escherichia-Shigella
OTU_281	2	1	3	2	2	5	1	2	3	0	5	2	3	1	1	4	0	3	1	1	7	2	2	1	k:Bacteria,p:Firmicutes,c:Bacilli,o:Thermoactinomycetales,f:Thermoactinomycetaceae,g:Kroppenstedtia
OTU_239	1	0	0	0	0	1	0	0	0	0	1	0	0	0	0	0	0	0	0	0	0	0	0	4	k:Bacteria,p:Firmicutes,c:Bacilli,o:Bacillales,f:Sporolactobacillaceae
OTU_4365	1	0	0	0	0	0	0	0	0	1	1	0	0	1	0	0	0	0	0	0	0	0	0	0	k:Bacteria,p:Firmicutes,c:Bacilli,o:Staphylococcales,f:Staphylococcaceae,g:Staphylococcus
OTU_839	2	1	1	0	0	0	0	0	0	0	0	0	0	0	0	0	0	0	0	0	0	0	0	0	k:Bacteria,p:Proteobacteria,c:Gammaproteobacteria
OTU_838	2	0	0	0	0	0	0	0	1	1	0	0	0	0	0	0	0	0	0	0	0	0	0	0	k:Bacteria,p:Proteobacteria,c:Gammaproteobacteria,o:Enterobacterales
OTU_2040	3	2	0	1	0	1	0	0	1	0	0	0	2	0	2	1	2	2	0	0	1	0	0	1	k:Bacteria,p:Firmicutes,c:Bacilli,o:Bacillales,f:Bacillaceae,g:Bacillus
OTU_1097	1	3	0	0	0	0	0	0	0	0	0	0	0	0	0	0	0	0	0	0	0	0	0	0	k:Bacteria,p:Firmicutes,c:Bacilli,o:Bacillales,f:Planococcaceae,g:Solibacillus
OTU_2496	2	0	2	0	0	0	0	0	0	0	0	0	0	0	0	0	0	1	0	0	0	0	0	0	k:Bacteria,p:Proteobacteria,c:Gammaproteobacteria,o:Enterobacterales,f:Enterobacteriaceae,g:Escherichia-Shigella
OTU_418	1	0	0	0	0	0	1	0	0	0	2	0	0	0	0	0	1	0	0	0	0	0	0	0	k:Bacteria,p:Proteobacteria,c:Gammaproteobacteria,o:Enterobacterales,f:Enterobacteriaceae,g:Escherichia-Shigella
OTU_816	2	2	1	0	0	0	0	0	0	1	0	0	0	0	0	0	0	0	0	0	0	0	0	0	k:Bacteria,p:Proteobacteria,c:Gammaproteobacteria
OTU_874	0	0	0	0	0	0	0	0	2	1	1	2	0	1	0	0	1	3	0	0	0	0	0	0	k:Bacteria,p:Firmicutes,c:Clostridia,o:Clostridiales,f:Clostridiaceae,g:Clostridium_sensu_stricto_1
OTU_5322	1	1	1	0	0	0	0	0	0	0	0	0	0	0	0	0	0	0	0	0	0	0	0	0	k:Bacteria,p:Proteobacteria,c:Gammaproteobacteria,o:Enterobacterales,f:Enterobacteriaceae,g:Escherichia-Shigella,s:Escherichia_coli
OTU_341	1	1	2	1	0	1	0	0	0	0	0	1	0	1	0	2	0	0	0	0	0	0	0	0	k:Bacteria,p:Firmicutes,c:Bacilli,o:Lactobacillales,f:Lactobacillaceae,g:Lactobacillus,s:Lactobacillus_pontis
OTU_122	1	2	1	0	0	0	0	0	0	0	0	0	0	0	0	0	0	0	0	0	0	0	0	0	k:Bacteria,p:Firmicutes,c:Bacilli,o:Lactobacillales,f:Enterococcaceae,g:Enterococcus,s:Enterococcus_sulfureus
OTU_2566	2	1	0	0	0	0	0	0	0	0	0	0	0	0	0	0	0	0	0	0	0	0	0	0	k:Bacteria,p:Bacteroidota,c:Bacteroidia,o:Sphingobacteriales,f:Sphingobacteriaceae,g:Sphingobacterium
OTU_3529	1	0	1	0	0	0	0	0	0	0	0	0	0	0	0	0	0	0	0	0	0	0	0	0	k:Bacteria,p:Firmicutes,c:Bacilli
OTU_1047	3	1	2	0	0	0	0	0	0	0	0	0	0	0	0	0	0	0	0	0	0	0	0	0	k:Bacteria,p:Firmicutes,c:Bacilli,o:Paenibacillales,f:Paenibacillaceae,g:Paenibacillus
OTU_4708	1	2	3	1	0	0	0	0	0	0	0	0	0	0	0	0	0	0	0	0	0	0	0	0	k:Bacteria,p:Proteobacteria,c:Gammaproteobacteria,o:Enterobacterales,f:Enterobacteriaceae,g:Escherichia-Shigella
OTU_601	1	0	2	0	0	0	0	0	0	0	0	0	0	0	0	0	0	0	0	0	0	0	0	0	k:Bacteria,p:Proteobacteria,c:Gammaproteobacteria,o:Enterobacterales,f:Enterobacteriaceae,g:Escherichia-Shigella
OTU_1109	0	2	0	0	0	0	0	0	0	0	0	0	0	0	0	0	0	0	0	0	0	0	0	0	k:Bacteria,p:Proteobacteria,c:Gammaproteobacteria,o:Burkholderiales,f:Alcaligenaceae,g:Verticiella
OTU_1110	1	0	0	0	0	0	0	0	0	1	1	0	0	1	0	0	0	2	0	0	0	0	0	0	k:Bacteria,p:Firmicutes,c:Clostridia,o:Peptostreptococcales-Tissierellales,f:Peptostreptococcaceae
OTU_39	1	0	0	26	38	28	0	0	0	0	0	0	0	0	0	0	0	0	0	0	0	0	0	0	k:Bacteria,p:Proteobacteria,c:Alphaproteobacteria,o:Acetobacterales,f:Acetobacteraceae,g:Tanticharoenia,s:Tanticharoenia_sakaeratensis_NBRC_103193
OTU_2358	2	2	1	0	0	0	0	0	0	0	0	0	0	0	0	0	0	0	0	0	0	0	0	0	k:Bacteria,p:Firmicutes,c:Bacilli,o:Lactobacillales,f:Enterococcaceae,g:Enterococcus,s:Enterococcus_faecalis
OTU_343	1	0	0	0	0	0	0	0	0	0	0	0	0	0	0	2	0	0	0	0	0	0	0	0	k:Bacteria,p:Firmicutes,c:Bacilli,o:Lactobacillales,f:Lactobacillaceae,g:Pediococcus,s:Pediococcus_acidilactici
OTU_2	1	0	0	0	0	0	1	0	0	1	8	22	15	19	4	18	12	12	22	33	20	20	26	24	k:Bacteria,p:Firmicutes,c:Bacilli,o:Lactobacillales,f:Streptococcaceae,g:Streptococcus,s:Streptococcus_alactolyticus
OTU_1749	0	0	2	1	3	1	0	1	1	0	0	0	0	0	4	1	0	1	0	0	0	0	1	0	k:Bacteria,p:Firmicutes,c:Bacilli,o:Lactobacillales,f:Lactobacillaceae,g:Lactobacillus,s:Lactobacillus_reuteri
OTU_2005	1	1	0	0	0	0	0	0	0	0	0	0	0	0	0	0	0	0	0	0	0	0	0	0	k:Bacteria,p:Proteobacteria,c:Gammaproteobacteria,o:Enterobacterales,f:Enterobacteriaceae
OTU_424	4	0	0	0	0	0	1	0	0	1	2	1	0	0	0	0	0	1	0	0	0	0	0	0	k:Bacteria,p:Firmicutes,c:Clostridia,o:Peptostreptococcales-Tissierellales,f:Peptostreptococcaceae,g:Romboutsia
OTU_1419	1	0	0	0	2	0	0	0	0	0	1	0	0	0	0	0	1	0	0	0	0	1	1	0	k:Bacteria,p:Firmicutes,c:Bacilli,o:Thermoactinomycetales,f:Thermoactinomycetaceae,g:Kroppenstedtia,s:Kroppenstedtia_eburnea
OTU_1987	1	0	1	0	0	0	0	0	0	0	0	0	0	0	0	0	0	0	0	0	0	0	0	0	k:Bacteria,p:Firmicutes,c:Bacilli,o:Lactobacillales,f:Lactobacillaceae,g:Lactobacillus,s:Lactobacillus_buchneri
OTU_628	1	2	4	0	0	0	0	0	0	0	0	0	0	0	0	0	0	0	0	0	0	0	0	0	k:Bacteria,p:Firmicutes,c:Bacilli,o:Paenibacillales,f:Paenibacillaceae,g:Paenibacillus,s:Paenibacillus_sp._canine_oral_taxon_438
OTU_71	1	2	1	5	4	4	49	32	60	2	0	0	0	0	0	0	0	0	0	0	0	0	0	1	k:Bacteria,p:Firmicutes,c:Clostridia,o:Peptostreptococcales-Tissierellales,f:Peptostreptococcaceae,g:Romboutsia
OTU_388	1	0	0	13	7	12	0	0	0	0	0	0	0	0	0	0	0	0	0	0	0	0	0	0	k:Bacteria,p:Firmicutes,c:Bacilli,o:Lactobacillales,f:Streptococcaceae,g:Streptococcus
OTU_603	3	1	3	0	0	0	0	0	0	0	0	0	0	0	0	0	2	0	0	0	0	0	0	0	k:Bacteria,p:Proteobacteria,c:Gammaproteobacteria,o:B2M28
OTU_1535	1	1	1	0	0	0	0	0	0	0	0	0	0	0	0	0	0	0	0	0	0	0	0	0	k:Bacteria,p:Firmicutes,c:Bacilli,o:Paenibacillales,f:Paenibacillaceae,g:Paenibacillus,s:Paenibacillus_sp._THG-YS_2.4
OTU_1107	0	1	0	0	0	0	0	0	0	0	0	0	0	0	0	1	0	0	0	0	0	0	0	0	k:Bacteria,p:Firmicutes,c:Bacilli,o:Lactobacillales,f:Lactobacillaceae,g:Lactobacillus,s:Lactobacillus_acidipiscis
OTU_3128	0	0	1	0	0	0	0	0	0	0	0	0	0	0	0	0	0	0	0	0	0	0	0	0	k:Bacteria,p:Proteobacteria,c:Gammaproteobacteria,o:Pseudomonadales,f:Moraxellaceae,g:Psychrobacter
OTU_692	1	1	0	0	0	0	0	0	0	0	0	0	0	0	0	0	0	0	0	0	0	0	0	0	k:Bacteria,p:Firmicutes,c:Bacilli,o:Paenibacillales,f:Paenibacillaceae,g:Paenibacillus
OTU_663	1	2	3	0	0	0	0	0	0	0	0	0	0	0	0	0	0	0	0	0	0	0	0	0	k:Bacteria,p:Firmicutes,c:Bacilli,o:Paenibacillales,f:Paenibacillaceae,g:Paenibacillus
OTU_5139	1	1	1	0	0	0	0	0	2	1	1	1	0	1	0	0	3	1	0	0	0	0	0	0	k:Bacteria,p:Proteobacteria,c:Gammaproteobacteria,o:Enterobacterales,f:Enterobacteriaceae,g:Escherichia-Shigella
OTU_1101	0	1	1	0	0	0	0	0	0	0	0	0	0	0	0	0	0	0	0	0	0	0	0	0	k:Bacteria,p:Firmicutes,c:Bacilli,o:Bacillales,f:Planococcaceae,g:Solibacillus
OTU_3167	1	1	1	0	0	0	0	0	0	0	0	0	0	0	0	0	0	0	0	0	0	0	0	0	k:Bacteria,p:Proteobacteria,c:Gammaproteobacteria,o:Enterobacterales,f:Enterobacteriaceae
OTU_864	1	0	0	1	0	1	0	0	0	0	0	0	0	1	0	1	0	0	0	0	0	0	0	0	k:Bacteria,p:Proteobacteria,c:Gammaproteobacteria,o:Enterobacterales,f:Enterobacteriaceae,g:Escherichia-Shigella
OTU_831	2	0	1	0	0	0	0	1	1	1	3	0	0	0	0	0	1	1	0	0	0	0	0	0	k:Bacteria
OTU_103	3	5	1	0	0	0	0	0	0	0	0	0	0	0	0	0	0	0	0	0	0	0	0	0	k:Bacteria,p:Proteobacteria,c:Gammaproteobacteria,o:Burkholderiales,f:Comamonadaceae,g:Acidovorax
OTU_5224	1	2	2	0	0	0	0	0	0	0	0	0	0	0	0	0	0	0	0	0	0	0	0	0	k:Bacteria,p:Firmicutes,c:Bacilli,o:Paenibacillales,f:Paenibacillaceae,g:Paenibacillus,s:Paenibacillus_sp._canine_oral_taxon_438
OTU_1627	2	0	0	0	1	0	0	0	0	1	0	0	0	0	0	4	0	0	0	0	0	0	0	0	k:Bacteria,p:Proteobacteria,c:Gammaproteobacteria,o:Enterobacterales,f:Enterobacteriaceae,g:Klebsiella
OTU_4948	1	0	2	0	0	0	0	0	0	0	0	0	0	0	0	0	0	0	0	0	0	0	0	0	k:Bacteria,p:Firmicutes,c:Bacilli,o:Paenibacillales,f:Paenibacillaceae,g:Paenibacillus
OTU_1534	1	1	2	0	0	0	0	0	2	0	0	0	0	0	0	0	0	0	0	0	0	0	0	0	k:Bacteria,p:Proteobacteria,c:Gammaproteobacteria,o:Enterobacterales,f:Enterobacteriaceae,g:Escherichia-Shigella
OTU_4368	1	0	0	0	0	0	0	0	0	0	2	0	0	0	0	0	0	0	0	0	0	0	0	0	k:Bacteria,p:Proteobacteria,c:Gammaproteobacteria,o:Enterobacterales,f:Enterobacteriaceae,g:Escherichia-Shigella
OTU_4079	1	0	0	0	0	0	0	0	0	0	0	0	0	0	0	0	0	0	0	0	0	0	0	0	k:Bacteria,p:Proteobacteria,c:Gammaproteobacteria,o:Enterobacterales,f:Enterobacteriaceae,g:Escherichia-Shigella
OTU_111	1	3	1	0	0	0	0	0	0	0	0	0	0	0	0	0	0	0	0	0	0	0	0	0	k:Bacteria,p:Firmicutes,c:Bacilli,o:Lactobacillales,f:Enterococcaceae,g:Enterococcus
OTU_3081	0	0	0	0	0	0	0	0	0	1	0	0	0	0	0	0	0	0	0	0	0	0	0	0	k:Bacteria,p:Firmicutes,c:Clostridia,o:Peptostreptococcales-Tissierellales,f:Peptostreptococcaceae,g:Terrisporobacter,s:Terrisporobacter_glycolicus
OTU_3684	1	0	0	0	0	0	0	0	0	0	0	0	0	0	0	0	1	0	0	0	0	0	0	0	k:Bacteria,p:Firmicutes,c:Bacilli,o:Lactobacillales,f:Streptococcaceae,g:Streptococcus
OTU_1883	0	1	0	0	0	0	0	0	0	0	1	0	0	0	0	0	0	0	0	0	0	0	0	0	k:Bacteria,p:Firmicutes,c:Bacilli,o:Paenibacillales,f:Paenibacillaceae,g:Paenibacillus
OTU_1972	1	1	2	0	0	0	0	0	0	0	0	0	0	0	0	0	0	0	0	0	0	0	0	0	k:Bacteria,p:Proteobacteria,c:Gammaproteobacteria,o:Pseudomonadales,f:Moraxellaceae,g:Psychrobacter
OTU_4084	1	0	0	0	0	0	0	0	0	0	0	0	0	0	0	0	0	0	0	0	0	0	0	0	k:Bacteria,p:Proteobacteria,c:Gammaproteobacteria,o:Enterobacterales,f:Enterobacteriaceae,g:Klebsiella
OTU_668	1	2	3	0	0	0	0	0	0	0	0	0	0	0	0	0	0	0	0	0	0	0	0	0	k:Bacteria,p:Actinobacteriota,c:Actinobacteria,o:Micrococcales,f:Microbacteriaceae,g:Leucobacter,s:Leucobacter_tardus
OTU_3937	0	1	0	0	0	0	0	0	0	0	0	0	0	0	0	0	0	0	0	0	0	0	0	0	k:Bacteria,p:Proteobacteria,c:Gammaproteobacteria,o:Burkholderiales,f:Alcaligenaceae,g:Pigmentiphaga
OTU_570	1	1	1	0	0	0	0	0	0	0	0	0	0	0	0	0	0	0	0	0	0	0	0	0	k:Bacteria,p:Proteobacteria,c:Gammaproteobacteria,o:Enterobacterales,f:Enterobacteriaceae,g:Klebsiella
OTU_2336	1	1	0	1	1	1	0	0	0	0	1	0	0	0	0	0	0	0	0	1	0	0	0	0	k:Bacteria,p:Proteobacteria,c:Gammaproteobacteria,o:Enterobacterales,f:Enterobacteriaceae,g:Escherichia-Shigella
OTU_158	0	0	1	0	0	0	0	1	0	0	0	0	0	0	1	0	0	0	0	0	0	0	0	0	k:Bacteria,p:Firmicutes,c:Bacilli,o:Lactobacillales,f:Streptococcaceae,g:Streptococcus
OTU_484	1	0	0	0	0	0	0	0	0	3	1	8	1	6	0	0	20	6	0	0	1	0	1	0	k:Bacteria,p:Firmicutes,c:Bacilli,o:Lactobacillales,f:Streptococcaceae,g:Streptococcus,s:Streptococcus_alactolyticus
OTU_4636	1	1	0	0	0	0	0	0	0	0	0	0	0	0	0	0	0	0	0	0	1	0	0	0	k:Bacteria,p:Firmicutes,c:Bacilli,o:Bacillales,f:Sporolactobacillaceae
OTU_3198	1	0	0	0	0	0	0	0	0	0	0	0	1	0	0	0	0	1	0	0	0	0	0	0	k:Bacteria,p:Firmicutes,c:Bacilli,o:Lactobacillales,f:Lactobacillaceae,g:Lactobacillus
OTU_3588	1	2	0	0	0	0	0	0	0	0	0	0	0	0	0	0	0	0	0	0	0	0	0	0	k:Bacteria,p:Firmicutes,c:Bacilli,o:Paenibacillales,f:Paenibacillaceae,g:Paenibacillus,s:Paenibacillus_sp._FSL_R5-0345
OTU_4067	1	0	2	1	1	0	0	1	0	1	0	0	0	0	0	0	0	4	0	0	0	1	0	0	k:Bacteria,p:Firmicutes,c:Bacilli,o:Lactobacillales,f:Streptococcaceae,g:Streptococcus,s:Streptococcus_alactolyticus
OTU_1006	0	0	0	0	0	3	0	0	0	0	0	0	0	0	0	0	0	0	0	0	0	0	0	0	k:Bacteria,p:Proteobacteria,c:Gammaproteobacteria,o:Enterobacterales,f:Enterobacteriaceae,g:Klebsiella,s:Klebsiella_pneumoniae
OTU_1099	1	1	0	0	0	1	0	0	0	0	0	0	1	0	0	0	0	0	0	0	0	0	0	0	k:Bacteria,p:Proteobacteria,c:Gammaproteobacteria,o:Enterobacterales,f:Enterobacteriaceae,g:Escherichia-Shigella,s:Escherichia_coli
OTU_1621	0	0	0	0	0	0	0	0	0	0	0	0	0	0	0	0	0	0	0	0	0	0	0	0	k:Bacteria,p:Bacteroidota,c:Bacteroidia,o:Sphingobacteriales,f:Sphingobacteriaceae,g:Sphingobacterium
OTU_802	1	1	2	0	0	0	0	0	0	0	0	0	0	0	0	0	0	0	0	0	0	0	0	0	k:Bacteria,p:Firmicutes,c:Bacilli,o:Paenibacillales,f:Paenibacillaceae,g:Paenibacillus
OTU_4152	0	0	1	0	0	0	0	0	0	0	0	0	0	0	0	0	0	0	0	0	0	0	0	0	k:Bacteria,p:Firmicutes,c:Bacilli,o:Lactobacillales,f:Enterococcaceae,g:Enterococcus,s:Enterococcus_rivorum
OTU_56	0	2	0	0	0	0	0	0	0	0	1	0	0	0	1	41	0	4	0	0	0	0	0	0	k:Bacteria,p:Firmicutes,c:Bacilli,o:Lactobacillales,f:Streptococcaceae,g:Streptococcus
OTU_666	0	3	1	0	0	0	0	0	0	0	0	0	0	0	0	0	0	0	0	0	0	0	0	0	k:Bacteria,p:Firmicutes,c:Bacilli,o:Paenibacillales,f:Paenibacillaceae,g:Paenibacillus
OTU_28	0	0	0	1	1	1	0	0	0	0	0	0	0	0	0	0	0	2	0	0	0	0	0	0	k:Bacteria,p:Firmicutes,c:Bacilli,o:Lactobacillales,f:Enterococcaceae,g:Enterococcus
OTU_2100	0	1	0	0	0	0	0	0	0	0	0	0	0	0	0	0	0	0	0	0	0	0	0	0	k:Bacteria,p:Firmicutes,c:Bacilli,o:Lactobacillales,f:Enterococcaceae,g:Enterococcus
OTU_1782	0	0	0	0	0	0	0	1	1	0	0	0	0	1	1	0	0	1	0	0	0	0	0	0	k:Bacteria,p:Firmicutes,c:Clostridia,o:Clostridiales,f:Clostridiaceae
OTU_1640	0	1	0	0	0	0	0	0	0	0	0	0	0	0	0	0	0	0	0	0	0	0	0	0	k:Bacteria,p:Actinobacteriota,c:Actinobacteria,o:Micrococcales,f:Cellulomonadaceae,g:Oerskovia
OTU_944	0	1	1	0	0	0	0	0	0	1	1	0	1	1	0	1	0	0	0	0	0	0	0	0	k:Bacteria,p:Firmicutes,c:Bacilli,o:Bacillales,f:Bacillaceae,g:Bacillus
OTU_1271	0	2	0	1	0	0	0	0	0	0	0	0	0	0	1	0	0	1	0	0	1	0	0	0	k:Bacteria,p:Firmicutes,c:Bacilli,o:Bacillales,f:Bacillaceae,g:Bacillus
OTU_671	0	0	0	0	0	0	1	0	0	0	1	0	0	0	0	0	0	0	0	0	0	0	0	0	k:Bacteria,p:Proteobacteria,c:Gammaproteobacteria,o:Enterobacterales,f:Enterobacteriaceae,g:Escherichia-Shigella
OTU_2798	0	1	1	0	0	0	0	0	0	1	0	0	0	0	0	0	0	0	0	0	0	0	0	0	k:Bacteria,p:Bacteroidota,c:Bacteroidia,o:Flavobacteriales,f:Weeksellaceae,g:Chryseobacterium
OTU_3089	0	1	0	0	0	0	0	0	0	0	0	0	0	0	0	0	0	0	0	0	0	0	0	0	k:Bacteria,p:Firmicutes,c:Bacilli,o:Lactobacillales,f:Enterococcaceae,g:Enterococcus,s:Enterococcus_asini_ATCC_700915
OTU_861	0	1	1	0	0	0	1	0	0	0	0	0	1	0	0	0	0	0	0	0	0	0	0	0	k:Bacteria,p:Firmicutes,c:Clostridia,o:Clostridiales,f:Clostridiaceae,g:Clostridium_sensu_stricto_1,s:Clostridium_beijerinckii
OTU_1940	0	1	0	0	0	0	0	0	0	0	0	0	0	0	0	0	0	0	0	0	0	0	0	0	k:Bacteria,p:Actinobacteriota,c:Actinobacteria,o:Micrococcales,f:Microbacteriaceae,g:Leucobacter
OTU_116	0	0	0	0	0	0	0	0	0	0	1	0	0	0	0	7	0	2	1	0	0	0	0	0	k:Bacteria,p:Firmicutes,c:Bacilli,o:Lactobacillales,f:Aerococcaceae,g:Globicatella
OTU_5175	0	0	0	0	0	0	0	0	0	0	1	0	0	0	0	0	0	0	0	0	0	0	0	0	k:Bacteria,p:Proteobacteria,c:Gammaproteobacteria,o:Enterobacterales,f:Enterobacteriaceae,g:Escherichia-Shigella
OTU_1123	0	2	4	0	0	0	0	0	0	0	0	0	0	0	0	0	0	0	0	0	0	0	0	0	k:Bacteria,p:Firmicutes,c:Clostridia,o:Clostridiales,f:Clostridiaceae,g:Clostridium_sensu_stricto_1
OTU_98	0	0	0	0	0	0	0	0	0	0	0	0	0	0	0	14	0	0	1	0	0	0	0	0	k:Bacteria,p:Firmicutes,c:Bacilli,o:Lactobacillales,f:Streptococcaceae,g:Streptococcus,s:Streptococcus_suis
OTU_1650	0	2	0	0	2	0	1	1	0	0	1	0	0	1	0	1	1	1	1	0	0	0	0	0	k:Bacteria,p:Firmicutes,c:Bacilli,o:Lactobacillales,f:Streptococcaceae,g:Streptococcus
OTU_3372	0	0	0	0	1	0	0	0	0	0	0	0	0	0	0	0	0	1	0	0	0	1	0	0	k:Bacteria,p:Firmicutes,c:Bacilli,o:Lactobacillales,f:Streptococcaceae,g:Streptococcus
OTU_55	0	2	0	5	11	11	0	2	0	0	0	0	0	0	0	0	0	1	0	0	0	0	0	0	k:Bacteria,p:Firmicutes,c:Bacilli,o:Lactobacillales,f:Streptococcaceae,g:Lactococcus,s:Lactococcus_garvieae
OTU_37	0	4	1	0	11	2	0	0	0	4	7	0	7	2	1	11	1	1	0	0	7	1	2	0	k:Bacteria,p:Proteobacteria,c:Gammaproteobacteria,o:Pseudomonadales,f:Moraxellaceae,g:Acinetobacter,s:Acinetobacter_junii
OTU_617	0	1	2	0	0	0	0	0	0	0	0	0	0	0	0	0	0	1	0	0	0	0	0	0	k:Bacteria,p:Bacteroidota,c:Bacteroidia,o:Flavobacteriales,f:Weeksellaceae,g:Chryseobacterium
OTU_1547	0	1	0	0	0	0	0	0	0	0	0	0	0	0	0	0	0	0	0	0	0	0	0	0	k:Bacteria,p:Proteobacteria,c:Alphaproteobacteria,o:Acetobacterales,f:Acetobacteraceae,g:Roseomonas
OTU_1939	0	1	2	0	0	0	0	0	0	0	0	0	0	0	0	0	0	0	0	0	0	0	0	0	k:Bacteria,p:Firmicutes,c:Bacilli,o:Bacillales,f:Bacillaceae
OTU_489	0	1	0	1	1	1	0	0	0	1	1	0	1	0	0	1	0	0	0	0	0	1	0	0	k:Bacteria,p:Proteobacteria,c:Gammaproteobacteria,o:Enterobacterales,f:Enterobacteriaceae,g:Escherichia-Shigella
OTU_1644	0	2	0	0	0	0	0	0	0	0	0	0	0	0	0	0	0	0	0	0	0	0	0	0	k:Bacteria,p:Firmicutes,c:Clostridia,o:Lachnospirales,f:Lachnospiraceae,g:Cellulosilyticum,s:bacterium_PS7
OTU_2753	0	0	1	0	0	0	0	0	0	0	0	0	0	0	0	0	0	0	0	0	0	0	0	0	k:Bacteria,p:Firmicutes,c:Clostridia,o:Lachnospirales,f:Lachnospiraceae,g:Cellulosilyticum
OTU_3898	0	1	0	0	0	0	0	0	0	0	0	0	0	0	0	0	0	0	0	0	0	0	0	0	k:Bacteria,p:Proteobacteria,c:Gammaproteobacteria,o:Enterobacterales,f:Enterobacteriaceae,g:Citrobacter
OTU_21	0	0	1	1402	1547	1468	10	10	2	0	1	0	0	1	0	11	0	1	0	0	0	0	0	0	k:Bacteria,p:Firmicutes,c:Bacilli,o:Lactobacillales,f:Streptococcaceae,g:Lactococcus,s:Lactococcus_lactis
OTU_328	0	0	0	0	0	0	0	0	0	0	0	0	0	0	0	0	0	0	0	1	0	1	1	1	k:Bacteria,p:Firmicutes,c:Bacilli,o:Lactobacillales,f:Lactobacillaceae,g:Lactobacillus
OTU_1301	0	1	0	0	0	0	2	1	0	0	0	0	0	0	0	0	1	1	0	0	0	0	0	0	k:Bacteria,p:Firmicutes,c:Bacilli,o:Lactobacillales,f:Lactobacillaceae,g:Lactobacillus
OTU_153	0	3	2	1	3	0	0	0	1	0	4	1	0	2	0	4	1	3	0	1	0	4	2	0	k:Bacteria,p:Firmicutes,c:Bacilli,o:Thermoactinomycetales,f:Thermoactinomycetaceae,g:Kroppenstedtia
OTU_3337	0	1	0	0	1	0	0	0	0	0	0	0	0	0	0	1	0	0	0	0	0	1	0	0	k:Bacteria,p:Proteobacteria,c:Gammaproteobacteria,o:Enterobacterales,f:Enterobacteriaceae,g:Escherichia-Shigella
OTU_1994	0	1	1	0	0	0	0	0	0	0	0	0	0	0	0	0	0	0	0	0	0	0	0	0	k:Bacteria,p:Firmicutes,c:Bacilli,o:Paenibacillales,f:Paenibacillaceae,g:Paenibacillus
OTU_700	0	1	0	0	0	0	0	1	0	1	1	0	0	0	0	0	1	0	0	0	0	0	0	0	k:Bacteria,p:Proteobacteria,c:Gammaproteobacteria,o:Enterobacterales,f:Enterobacteriaceae,g:Escherichia-Shigella
OTU_123	0	1	0	0	0	0	0	0	0	6	1	0	0	0	0	0	0	0	0	0	0	0	0	0	k:Bacteria,p:Firmicutes,c:Clostridia,o:Clostridiales,f:Clostridiaceae,g:Clostridium_sensu_stricto_1,s:Clostridium_sp._ND2
OTU_4709	0	2	0	0	0	0	0	0	0	0	0	0	0	0	0	0	0	0	0	0	0	0	0	0	k:Bacteria,p:Firmicutes,c:Bacilli,o:Lactobacillales,f:Leuconostocaceae,g:Weissella,s:Weissella_hellenica
OTU_1300	0	1	0	0	0	0	0	1	0	0	0	1	0	0	0	0	0	0	0	0	0	0	0	0	k:Bacteria,p:Proteobacteria,c:Alphaproteobacteria,o:Acetobacterales,f:Acetobacteraceae,g:Acetobacter,s:Acetobacter_pasteurianus
OTU_2837	0	0	0	1	1	0	0	1	0	0	0	0	0	0	0	0	0	0	0	0	0	0	0	0	k:Bacteria,p:Proteobacteria,c:Gammaproteobacteria,o:Enterobacterales,f:Enterobacteriaceae,g:Escherichia-Shigella
OTU_1120	0	1	3	0	0	0	0	0	0	0	0	0	0	0	0	0	0	0	0	0	0	0	0	0	k:Bacteria,p:Firmicutes,c:Clostridia,o:Clostridiales,f:Clostridiaceae,g:Clostridium_sensu_stricto_1
OTU_1385	0	1	0	0	0	0	0	0	0	0	0	0	0	0	0	0	0	1	0	0	0	0	0	0	k:Bacteria,p:Firmicutes,c:Bacilli,o:Bacillales,f:Bacillaceae,g:Bacillus,s:Bacillus_fortis
OTU_1849	0	1	0	1	0	0	0	0	0	0	0	0	1	0	0	0	0	0	0	0	0	0	0	0	k:Bacteria,p:Proteobacteria,c:Gammaproteobacteria,o:Enterobacterales,f:Enterobacteriaceae,g:Escherichia-Shigella
OTU_806	0	0	0	0	0	0	0	0	0	0	0	0	0	0	0	1	0	0	0	0	0	0	0	0	k:Bacteria,p:Proteobacteria,c:Alphaproteobacteria,o:Dongiales,f:Dongiaceae,g:Dongia
OTU_1537	0	2	1	0	0	0	0	0	0	0	0	0	0	0	0	0	0	0	0	0	0	0	0	0	k:Bacteria,p:Proteobacteria,c:Gammaproteobacteria,o:Enterobacterales,f:Enterobacteriaceae
OTU_2556	0	1	0	0	0	0	0	0	0	0	0	0	0	0	0	0	0	0	0	0	0	1	0	0	k:Bacteria,p:Firmicutes,c:Bacilli,o:Lactobacillales,f:Lactobacillaceae,g:Lactobacillus
OTU_2666	0	0	0	1	0	0	0	0	0	0	0	0	0	0	0	1	0	0	0	0	0	0	0	0	k:Bacteria,p:Proteobacteria,c:Gammaproteobacteria,o:Enterobacterales,f:Enterobacteriaceae,g:Escherichia-Shigella
OTU_4160	0	0	1	0	0	0	0	0	0	0	0	0	0	0	0	0	0	0	0	0	0	0	0	0	k:Bacteria,p:Proteobacteria,c:Gammaproteobacteria,o:Enterobacterales,f:Enterobacteriaceae
OTU_567	0	1	0	0	0	0	0	0	0	0	0	0	0	0	0	1	0	1	0	0	1	0	1	0	k:Bacteria,p:Firmicutes,c:Bacilli,o:Lactobacillales,f:Lactobacillaceae,g:Lactobacillus,s:Lactobacillus_heilongjiangensis
OTU_1992	0	3	1	0	0	0	0	0	0	0	0	0	0	0	0	0	0	0	0	0	0	0	0	0	k:Bacteria,p:Proteobacteria,c:Gammaproteobacteria,o:Pseudomonadales,f:Pseudomonadaceae,g:Pseudomonas
OTU_1674	0	2	1	0	3	5	5	4	2	2	1	1	5	1	6	3	1	0	0	0	17	2	1	0	k:Bacteria,p:Firmicutes,c:Bacilli,o:Lactobacillales,f:Lactobacillaceae,g:Lactobacillus,s:Lactobacillus_pontis
OTU_2855	0	1	1	1	0	0	0	0	0	0	0	1	0	0	0	0	0	0	0	0	0	0	0	2	k:Bacteria,p:Firmicutes,c:Bacilli,o:Bacillales,f:Bacillaceae,g:Bacillus
OTU_124	0	0	0	0	0	1	0	0	0	0	0	0	0	2	0	0	0	0	0	0	1	0	0	1	k:Bacteria,p:Firmicutes,c:Bacilli,o:Bacillales,f:Bacillaceae,g:Oceanobacillus
OTU_709	0	0	0	0	0	0	1	0	0	1	0	1	2	0	0	0	0	0	0	0	0	0	0	1	k:Bacteria,p:Firmicutes,c:Bacilli,o:Bacillales,f:Bacillaceae,g:Bacillus
OTU_819	0	1	0	0	0	0	0	0	0	0	0	0	0	0	0	0	0	0	0	0	1	0	0	0	k:Bacteria,p:Firmicutes,c:Bacilli,o:Lactobacillales,f:Lactobacillaceae,g:Lactobacillus
OTU_205	0	0	0	0	0	0	1	1	1	0	0	0	0	2	0	2	0	0	0	0	0	0	0	1	k:Bacteria,p:Firmicutes,c:Bacilli,o:Bacillales,f:Bacillaceae,g:Oceanobacillus
OTU_461	0	0	0	1	1	4	0	0	1	2	3	0	0	0	0	1	0	0	0	0	1	0	0	2	k:Bacteria,p:Firmicutes,c:Bacilli,o:Bacillales,f:Sporolactobacillaceae,g:Scopulibacillus
OTU_325	0	1	0	0	0	1	0	0	0	0	0	0	0	0	0	0	0	1	0	0	0	1	1	2	k:Bacteria,p:Firmicutes,c:Bacilli,o:Bacillales,f:Bacillaceae,g:Bacillus
OTU_2018	0	1	0	0	0	1	0	0	0	0	0	0	0	0	0	0	0	0	0	0	0	0	0	0	k:Bacteria,p:Proteobacteria,c:Gammaproteobacteria,o:Pseudomonadales,f:Pseudomonadaceae,g:Pseudomonas
OTU_3668	0	1	0	0	0	1	0	0	0	0	0	0	0	0	0	0	0	0	0	0	0	0	0	0	k:Bacteria,p:Firmicutes,c:Bacilli,o:Lactobacillales,f:Leuconostocaceae,g:Weissella,s:Weissella_hellenica
OTU_3070	0	0	0	2	1	2	0	0	0	0	0	0	0	2	0	1	0	0	0	0	0	0	0	0	k:Bacteria,p:Firmicutes,c:Bacilli,o:Lactobacillales,f:Lactobacillaceae,g:Lactobacillus
OTU_143	0	1	0	0	0	0	0	0	0	0	0	1	0	0	0	0	0	0	1	0	0	0	0	0	k:Bacteria,p:Firmicutes,c:Bacilli,o:Lactobacillales,f:Streptococcaceae,g:Streptococcus
OTU_1943	0	1	0	0	0	0	0	0	0	0	0	0	0	0	0	0	0	0	0	0	0	0	0	0	k:Bacteria,p:Actinobacteriota,c:Actinobacteria,o:Corynebacteriales,f:Corynebacteriaceae,g:Corynebacterium
OTU_429	0	0	0	0	1	0	0	0	0	0	0	1	2	0	0	0	0	1	0	0	0	0	0	1	k:Bacteria,p:Firmicutes,c:Bacilli,o:Lactobacillales,f:Lactobacillaceae,g:Lactobacillus,s:Lactobacillus_pontis
OTU_5527	0	1	0	0	0	0	0	0	0	0	0	0	0	0	0	0	0	0	0	0	0	0	0	0	k:Bacteria,p:Firmicutes,c:Bacilli,o:Paenibacillales,f:Paenibacillaceae,g:Paenibacillus
OTU_1526	0	0	0	0	0	0	0	0	0	0	0	0	0	0	0	0	0	0	0	0	0	0	0	0	k:Bacteria,p:Proteobacteria,c:Gammaproteobacteria,o:Enterobacterales,f:Enterobacteriaceae,g:Escherichia-Shigella
OTU_3116	0	1	0	0	1	1	0	0	0	0	0	0	0	0	0	0	0	0	0	0	0	0	0	0	k:Bacteria,p:Proteobacteria,c:Gammaproteobacteria,o:Pseudomonadales,f:Pseudomonadaceae,g:Pseudomonas
OTU_189	0	1	1	1	1	0	0	0	0	0	0	0	0	1	2	0	2	2	0	0	0	0	0	0	k:Bacteria,p:Firmicutes,c:Bacilli,o:Bacillales,f:Bacillaceae,g:Bacillus
OTU_1306	0	0	1	0	0	0	0	0	0	0	0	0	0	0	0	0	0	0	0	0	0	0	0	0	k:Bacteria,p:Bacteroidota,c:Bacteroidia,o:Sphingobacteriales,f:Sphingobacteriaceae,g:Pedobacter
OTU_4280	0	1	1	2	0	0	0	0	0	0	0	0	0	0	0	0	0	0	0	0	0	0	0	0	k:Bacteria,p:Firmicutes,c:Bacilli,o:Bacillales,f:Bacillaceae,g:Bacillus,s:Bacillus_licheniformis
OTU_1348	0	0	1	0	0	0	0	0	0	0	0	0	1	0	0	0	0	0	0	0	0	0	0	0	k:Bacteria,p:Proteobacteria,c:Gammaproteobacteria,o:Enterobacterales,f:Enterobacteriaceae,g:Escherichia-Shigella
OTU_1568	0	0	1	20	17	21	0	0	0	0	0	0	0	0	0	0	0	0	0	0	0	0	0	0	k:Bacteria,p:Firmicutes,c:Bacilli,o:Lactobacillales,f:Enterococcaceae,g:Enterococcus
OTU_4651	0	0	1	0	0	0	0	0	0	0	0	0	0	0	0	0	0	0	0	0	0	0	0	0	k:Bacteria,p:Proteobacteria,c:Gammaproteobacteria,o:Xanthomonadales,f:Xanthomonadaceae,g:Luteimonas
OTU_3149	0	0	1	0	0	0	0	0	0	0	0	0	1	0	0	1	0	0	0	0	0	0	0	0	k:Bacteria,p:Proteobacteria,c:Gammaproteobacteria,o:Enterobacterales,f:Enterobacteriaceae,g:Escherichia-Shigella,s:Escherichia_coli
OTU_475	0	0	1	0	0	0	0	0	0	0	0	0	0	0	0	1	0	0	0	0	0	0	0	0	k:Bacteria,p:Proteobacteria,c:Gammaproteobacteria,o:Enterobacterales,f:Enterobacteriaceae,g:Escherichia-Shigella
OTU_291	0	0	1	1	0	1	0	0	1	1	1	0	2	2	0	1	1	0	0	0	0	0	0	0	k:Bacteria,p:Firmicutes,c:Bacilli,o:Lactobacillales,f:Lactobacillaceae,g:Lactobacillus,s:Lactobacillus_brevis
OTU_3893	0	0	1	0	0	0	0	0	0	0	0	0	0	0	0	0	0	0	0	0	0	0	0	0	k:Bacteria,p:Firmicutes,c:Bacilli,o:Lactobacillales,f:Enterococcaceae,g:Enterococcus,s:Enterococcus_xinjiangensis
OTU_176	0	0	0	0	0	0	0	0	0	0	0	0	0	1	0	0	0	0	1	0	0	0	0	0	k:Bacteria,p:Firmicutes,c:Bacilli,o:Lactobacillales,f:Lactobacillaceae,g:Lactobacillus
OTU_213	0	0	1	0	0	0	1	1	0	0	0	0	0	0	1	0	0	0	0	0	1	0	0	0	k:Bacteria,p:Firmicutes,c:Bacilli,o:Lactobacillales,f:Lactobacillaceae,g:Lactobacillus,s:Lactobacillus_buchneri
OTU_1565	0	0	0	0	0	0	0	0	0	0	0	1	0	0	0	0	0	0	0	0	0	0	0	0	k:Bacteria,p:Firmicutes,c:Bacilli,o:Lactobacillales,f:Streptococcaceae,g:Lactococcus,s:Lactococcus_lactis
OTU_1267	0	0	1	0	0	1	1	0	0	2	1	1	0	1	1	2	0	0	1	0	0	0	1	2	k:Bacteria,p:Firmicutes,c:Bacilli,o:Bacillales,f:Bacillaceae,g:Oceanobacillus
OTU_1116	0	0	0	0	0	0	0	0	0	0	0	0	0	0	0	0	0	0	0	0	0	0	0	0	k:Bacteria,p:Actinobacteriota,c:Acidimicrobiia,o:IMCC26256
OTU_24	0	0	1	0	0	0	0	0	1	0	3	0	0	1	1	0	0	0	0	0	0	0	0	0	k:Bacteria,p:Firmicutes,c:Clostridia,o:Peptostreptococcales-Tissierellales,f:Peptostreptococcaceae,g:Terrisporobacter
OTU_426	0	0	0	0	0	0	0	0	0	0	0	0	0	0	0	0	0	0	0	0	0	0	0	0	k:Bacteria,p:Firmicutes,c:Bacilli,o:Lactobacillales,f:Lactobacillaceae,g:Lactobacillus,s:Lactobacillus_plantarum
OTU_896	0	0	1	1	0	0	1	0	0	1	0	0	0	0	0	1	0	0	0	0	0	0	0	0	k:Bacteria,p:Proteobacteria,c:Gammaproteobacteria,o:Enterobacterales,f:Enterobacteriaceae,g:Escherichia-Shigella
OTU_2020	0	0	1	0	1	0	0	0	0	0	0	0	0	0	0	0	0	0	0	0	0	0	0	0	k:Bacteria,p:Proteobacteria,c:Gammaproteobacteria,o:Enterobacterales,f:Enterobacteriaceae
OTU_1584	0	0	1	0	0	0	0	0	0	0	0	0	0	0	0	1	0	0	0	0	0	1	0	0	k:Bacteria,p:Firmicutes,c:Clostridia,o:Clostridiales,f:Clostridiaceae,g:Clostridium_sensu_stricto_1
OTU_7	0	0	1	1	0	6	2	1	8	1	0	0	0	0	0	0	0	0	2	0	1	0	0	0	k:Bacteria,p:Firmicutes,c:Bacilli,o:Lactobacillales,f:Streptococcaceae,g:Streptococcus
OTU_4155	0	0	2	0	0	0	0	0	0	0	0	0	0	0	0	0	0	0	0	0	0	0	0	0	k:Bacteria,p:Proteobacteria,c:Gammaproteobacteria,o:Enterobacterales,f:Enterobacteriaceae,g:Escherichia-Shigella
OTU_1433	0	0	1	0	1	0	0	0	0	0	1	1	1	0	1	1	1	0	0	0	0	0	0	0	k:Bacteria,p:Firmicutes,c:Bacilli,o:Bacillales,f:Bacillaceae,g:Oceanobacillus
OTU_288	0	0	1	0	0	0	0	0	0	0	0	0	1	0	0	0	0	0	0	0	2	0	0	0	k:Bacteria,p:Firmicutes,c:Bacilli,o:Lactobacillales,f:Lactobacillaceae,g:Lactobacillus
OTU_1057	0	0	1	0	0	0	0	0	0	0	0	0	0	0	0	0	0	0	0	0	0	0	0	0	k:Bacteria,p:Firmicutes,c:Bacilli,o:Paenibacillales,f:Paenibacillaceae,g:Paenibacillus
OTU_469	0	0	0	0	0	0	0	1	0	0	0	0	0	0	0	2	0	0	0	0	0	0	0	0	k:Bacteria,p:Proteobacteria,c:Alphaproteobacteria,o:Rhizobiales,f:Rhizobiaceae,g:Allorhizobium-Neorhizobium-Pararhizobium-Rhizobium,s:Rhizobium_sp.
OTU_20	0	0	1	0	0	0	1	0	0	0	2	0	0	1	0	0	0	0	0	0	0	0	0	0	k:Bacteria,p:Firmicutes,c:Bacilli,o:Erysipelotrichales,f:Erysipelotrichaceae,g:Turicibacter
OTU_57	0	0	0	13	23	20	0	0	1	0	0	1	0	0	0	0	21	0	0	0	0	0	0	0	k:Bacteria,p:Proteobacteria,c:Gammaproteobacteria,o:Pasteurellales,f:Pasteurellaceae,g:Actinobacillus
OTU_11	0	0	0	42	29	37	3763	3166	124	0	40	160	13	499	1250	238	92	54	28	26	61	204	199	187	k:Bacteria,p:Firmicutes,c:Bacilli,o:Lactobacillales,f:Leuconostocaceae,g:Leuconostoc,s:Leuconostoc_lactis
OTU_4146	0	0	0	15	15	14	0	0	0	0	0	0	0	0	0	0	0	0	0	0	0	0	0	0	k:Bacteria,p:Firmicutes,c:Bacilli,o:Lactobacillales,f:Enterococcaceae,g:Enterococcus
OTU_2691	0	0	0	7	2	3	0	0	0	0	0	0	0	0	0	0	0	0	0	0	0	0	0	0	k:Bacteria,p:Firmicutes,c:Bacilli,o:Lactobacillales,f:Leuconostocaceae,g:Weissella,s:Weissella_confusa
OTU_1085	0	0	0	10	4	13	0	0	0	0	0	0	0	0	0	0	0	0	0	0	0	0	0	0	k:Bacteria,p:Firmicutes,c:Bacilli,o:Lactobacillales,f:Streptococcaceae,g:Lactococcus,s:Lactococcus_lactis
OTU_546	0	0	0	3	1	2	0	0	0	0	0	0	0	0	0	0	0	0	0	0	0	0	0	0	k:Bacteria,p:Proteobacteria,c:Gammaproteobacteria,o:Enterobacterales,f:Enterobacteriaceae,g:Klebsiella
OTU_378	0	0	0	37	8	23	0	0	0	0	0	0	0	0	0	0	0	0	0	0	0	0	0	0	k:Bacteria,p:Firmicutes,c:Bacilli,o:Lactobacillales,f:Enterococcaceae,g:Enterococcus
OTU_41	0	0	0	7	12	6	1	1	1	0	0	0	0	0	1	0	16	15	0	0	0	0	0	0	k:Bacteria,p:Firmicutes,c:Bacilli,o:Lactobacillales,f:Streptococcaceae,g:Streptococcus,s:Streptococcus_sp._NUM_1428
OTU_16	0	0	0	5	0	1	0	0	0	0	0	0	0	0	0	0	0	0	0	0	0	0	0	0	k:Bacteria,p:Firmicutes,c:Bacilli,o:Lactobacillales,f:Lactobacillaceae,g:Lactobacillus,s:Lactobacillus_sakei
OTU_366	0	0	0	26	9	28	0	0	0	0	0	0	0	0	0	0	0	0	0	0	0	0	0	0	k:Bacteria,p:Firmicutes,c:Bacilli,o:Lactobacillales,f:Streptococcaceae,g:Streptococcus
OTU_432	0	0	0	1	2	0	0	1	1	0	1	1	0	2	0	0	0	0	0	0	3	1	1	0	k:Bacteria,p:Firmicutes,c:Bacilli,o:Lactobacillales,f:Lactobacillaceae,g:Lactobacillus,s:Lactobacillus_buchneri
OTU_1867	0	0	0	4	5	3	0	0	0	0	0	0	0	0	0	0	0	1	0	0	0	0	0	0	k:Bacteria,p:Firmicutes,c:Bacilli,o:Lactobacillales,f:Leuconostocaceae,g:Weissella,s:Weissella_confusa
OTU_848	0	0	0	5	2	4	0	0	0	0	0	0	0	0	0	0	5	2	0	0	0	0	0	0	k:Bacteria,p:Proteobacteria,c:Gammaproteobacteria,o:Enterobacterales,f:Enterobacteriaceae,g:Escherichia-Shigella
OTU_2281	0	0	0	13	9	8	0	0	0	0	0	0	0	0	0	0	0	0	0	0	0	0	0	0	k:Bacteria,p:Firmicutes,c:Bacilli,o:Lactobacillales,f:Enterococcaceae,g:Enterococcus
OTU_1089	0	0	0	22	8	19	0	0	0	0	0	0	0	0	0	0	0	0	0	0	0	0	0	0	k:Bacteria,p:Firmicutes,c:Bacilli,o:Lactobacillales,f:Leuconostocaceae,g:Weissella,s:Weissella_confusa
OTU_1851	0	0	0	2	2	1	0	0	0	0	0	0	0	0	0	0	0	0	0	0	0	0	0	0	k:Bacteria,p:Firmicutes,c:Bacilli,o:Lactobacillales,f:Enterococcaceae,g:Enterococcus
OTU_4132	0	0	0	1	2	1	0	0	0	0	0	0	0	0	0	0	0	0	0	0	0	0	0	0	k:Bacteria,p:Proteobacteria,c:Gammaproteobacteria,o:Enterobacterales,f:Enterobacteriaceae
OTU_22	0	0	0	4	0	6	0	0	0	0	0	0	0	0	0	0	0	0	0	0	0	0	0	0	k:Bacteria,p:Firmicutes,c:Bacilli,o:Lactobacillales,f:Streptococcaceae,g:Lactococcus,s:Lactococcus_lactis
OTU_1051	0	0	0	5	1	2	0	0	0	0	0	0	0	0	0	0	0	0	0	0	0	0	0	0	k:Bacteria,p:Proteobacteria,c:Gammaproteobacteria,o:Enterobacterales,f:Enterobacteriaceae
OTU_254	0	0	0	1	4	3	2	0	0	2	3	0	0	0	0	3	0	1	0	1	0	0	0	2	k:Bacteria,p:Firmicutes,c:Bacilli,o:Thermoactinomycetales,f:Thermoactinomycetaceae,g:Kroppenstedtia,s:Kroppenstedtia_eburnea
OTU_2842	0	0	0	3	0	0	0	0	0	0	0	0	0	0	0	0	0	0	0	0	0	0	0	0	k:Bacteria,p:Firmicutes,c:Bacilli,o:Lactobacillales,f:Streptococcaceae,g:Lactococcus,s:Lactococcus_lactis
OTU_968	0	0	0	7	4	7	0	0	0	0	0	0	0	0	0	0	0	0	0	0	0	0	0	0	k:Bacteria,p:Firmicutes,c:Bacilli,o:Lactobacillales,f:Enterococcaceae,g:Enterococcus
OTU_1094	0	0	0	5	3	5	0	0	0	0	0	0	0	0	0	0	0	0	0	0	0	0	0	0	k:Bacteria,p:Firmicutes,c:Bacilli,o:Lactobacillales,f:Streptococcaceae,g:Lactococcus,s:Lactococcus_lactis
OTU_2330	0	0	0	4	3	2	0	0	0	0	0	0	0	0	0	0	0	0	0	0	0	0	0	0	k:Bacteria,p:Firmicutes,c:Bacilli,o:Lactobacillales,f:Streptococcaceae,g:Lactococcus,s:Lactococcus_lactis
OTU_976	0	0	0	2	1	1	0	0	0	0	0	0	0	0	0	0	0	0	0	0	0	0	0	0	k:Bacteria,p:Firmicutes,c:Bacilli,o:Lactobacillales,f:Lactobacillaceae,g:Lactobacillus,s:Lactobacillus_gasseri
OTU_381	0	0	0	8	1	6	0	0	0	0	0	1	0	0	0	0	0	0	0	0	0	0	0	0	k:Bacteria,p:Firmicutes,c:Bacilli,o:Lactobacillales
OTU_1483	0	0	0	3	1	0	0	0	0	0	0	1	0	0	0	0	0	1	1	0	0	5	0	0	k:Bacteria,p:Firmicutes,c:Bacilli,o:Lactobacillales,f:Streptococcaceae,g:Streptococcus
OTU_453	0	0	0	0	0	0	0	0	0	0	0	0	0	0	0	2	0	0	0	0	0	0	0	0	k:Bacteria,p:Proteobacteria,c:Gammaproteobacteria,o:Burkholderiales,f:Neisseriaceae,g:Neisseria
OTU_2233	0	0	0	0	0	0	0	0	0	0	0	0	0	0	0	0	0	0	0	0	0	0	0	0	k:Bacteria,p:Firmicutes,c:Bacilli,o:Lactobacillales,f:Lactobacillaceae,g:Lactobacillus
OTU_538	0	0	0	4	1	1	0	0	0	0	0	0	0	0	0	0	0	0	0	0	0	0	0	0	k:Bacteria,p:Proteobacteria,c:Gammaproteobacteria,o:Enterobacterales,f:Enterobacteriaceae,g:Klebsiella
OTU_499	0	0	0	16	7	11	0	0	0	0	0	0	0	0	0	0	0	0	0	0	0	0	0	0	k:Bacteria,p:Firmicutes,c:Bacilli,o:Lactobacillales,f:Leuconostocaceae,g:Weissella,s:Weissella_hellenica
OTU_62	0	0	0	1	0	0	0	0	0	0	0	0	0	0	0	0	0	0	37	41	29	0	0	0	k:Bacteria,p:Firmicutes,c:Bacilli,o:Lactobacillales,f:Lactobacillaceae,g:Lactobacillus
OTU_951	0	0	0	0	0	0	0	0	0	0	0	0	0	0	0	0	0	0	0	0	0	0	0	0	k:Bacteria,p:Firmicutes,c:Bacilli,o:Lactobacillales,f:Leuconostocaceae,g:Weissella,s:Weissella_hellenica
OTU_105	0	0	0	9	9	2	0	0	0	0	0	0	0	0	0	0	0	0	2	0	0	0	0	0	k:Bacteria,p:Firmicutes,c:Negativicutes,o:Veillonellales-Selenomonadales,f:Veillonellaceae,g:Veillonella
OTU_79	0	0	0	1	0	1	0	0	0	0	0	0	0	0	0	1	9	1	0	0	0	0	1	0	k:Bacteria,p:Firmicutes,c:Bacilli,o:Lactobacillales,f:Streptococcaceae,g:Streptococcus,s:Streptococcus_orisratti_DSM_15617
OTU_1077	0	0	0	1	0	0	0	0	0	0	0	0	0	0	0	0	0	0	0	0	0	0	0	0	k:Bacteria,p:Proteobacteria,c:Gammaproteobacteria,o:Burkholderiales,f:Burkholderiaceae,g:Ralstonia,s:Ralstonia_sp._DMSP-S11
OTU_1092	0	0	0	5	4	5	0	0	0	0	0	2	0	0	0	0	8	1	0	0	0	1	0	0	k:Bacteria,p:Firmicutes,c:Bacilli,o:Lactobacillales,f:Leuconostocaceae,g:Weissella,s:Weissella_confusa
OTU_1520	0	0	0	3	2	5	0	0	0	0	0	0	0	0	0	0	0	0	0	0	0	0	0	0	k:Bacteria,p:Proteobacteria,c:Gammaproteobacteria,o:Enterobacterales,f:Enterobacteriaceae,g:Klebsiella
OTU_588	0	0	0	1	1	0	0	0	0	0	0	0	0	0	0	0	0	0	0	0	0	0	0	0	k:Bacteria,p:Firmicutes,c:Bacilli,o:Lactobacillales,f:Leuconostocaceae,g:Weissella,s:Weissella_cibaria
OTU_14	0	0	0	9	11	13	0	0	0	0	0	0	0	0	0	0	0	0	0	0	0	0	0	0	k:Bacteria,p:Firmicutes,c:Bacilli,o:Lactobacillales,f:Leuconostocaceae,g:Weissella,s:Weissella_hellenica
OTU_553	0	0	0	2	2	1	0	0	0	0	0	0	0	0	0	0	0	0	0	0	0	0	0	0	k:Bacteria,p:Proteobacteria,c:Gammaproteobacteria,o:Enterobacterales,f:Enterobacteriaceae,g:Klebsiella
OTU_74	0	0	0	5	4	7	0	0	0	0	0	0	0	0	0	0	0	0	0	0	0	0	0	0	k:Bacteria,p:Proteobacteria,c:Gammaproteobacteria,o:Pasteurellales,f:Pasteurellaceae
OTU_4558	0	0	0	5	3	6	0	0	0	0	0	0	0	0	0	0	0	0	0	0	0	0	0	0	k:Bacteria,p:Firmicutes,c:Bacilli,o:Lactobacillales,f:Leuconostocaceae,g:Weissella
OTU_383	0	0	0	1	1	1	0	0	0	0	0	0	0	0	0	0	0	0	0	0	0	0	0	0	k:Bacteria,p:Proteobacteria,c:Gammaproteobacteria,o:Pasteurellales,f:Pasteurellaceae,g:Actinobacillus,s:Bisgaard_Taxon_10
OTU_1088	0	0	0	2	0	0	0	0	0	0	0	0	0	0	0	0	0	0	0	0	0	0	0	0	k:Bacteria,p:Firmicutes,c:Bacilli,o:Lactobacillales,f:Streptococcaceae,g:Lactococcus,s:Lactococcus_lactis
OTU_1891	0	0	0	1	2	4	0	0	0	0	0	0	0	0	0	0	0	0	0	0	0	0	0	0	k:Bacteria,p:Firmicutes,c:Bacilli,o:Lactobacillales,f:Lactobacillaceae,g:Lactobacillus
OTU_3345	0	0	0	1	0	2	0	0	0	1	0	0	0	0	0	0	0	0	0	0	0	0	0	0	k:Bacteria,p:Proteobacteria,c:Gammaproteobacteria,o:Pseudomonadales,f:Pseudomonadaceae,g:Pseudomonas,s:Teleogryllus_commodus
OTU_4955	0	0	0	1	1	0	0	0	0	0	0	0	0	0	0	0	0	0	0	0	0	0	0	0	k:Bacteria,p:Firmicutes,c:Bacilli,o:Lactobacillales,f:Enterococcaceae,g:Enterococcus
OTU_2286	0	0	0	4	0	8	0	0	0	0	0	0	0	0	0	0	0	0	0	0	0	0	0	0	k:Bacteria,p:Firmicutes,c:Bacilli,o:Lactobacillales,f:Streptococcaceae,g:Lactococcus,s:Lactococcus_lactis
OTU_2289	0	0	0	4	1	5	0	0	0	0	0	0	0	0	0	0	0	0	0	0	0	0	0	0	k:Bacteria,p:Firmicutes,c:Bacilli,o:Lactobacillales,f:Enterococcaceae,g:Enterococcus
OTU_1379	0	0	0	8	2	8	0	0	0	0	0	4	0	0	0	2	29	20	0	0	0	6	7	9	k:Bacteria,p:Firmicutes,c:Bacilli,o:Lactobacillales,f:Leuconostocaceae,g:Weissella,s:Weissella_confusa
OTU_592	0	0	0	3	1	2	0	0	0	0	0	0	0	0	0	0	0	0	0	0	0	0	0	0	k:Bacteria,p:Proteobacteria,c:Gammaproteobacteria,o:Enterobacterales,f:Enterobacteriaceae,g:Escherichia-Shigella
OTU_1879	0	0	0	1	0	4	0	0	0	0	0	0	1	0	0	0	0	0	0	0	0	0	0	0	k:Bacteria,p:Firmicutes,c:Bacilli,o:Lactobacillales,f:Leuconostocaceae,g:Weissella,s:Weissella_hellenica
OTU_1901	0	0	0	1	2	0	0	0	0	0	0	0	0	0	0	0	0	0	0	0	0	0	0	0	k:Bacteria,p:Firmicutes,c:Bacilli,o:Lactobacillales,f:Streptococcaceae,g:Streptococcus
OTU_585	0	0	0	2	1	1	0	0	0	0	1	0	0	0	0	0	0	0	0	0	1	0	0	0	k:Bacteria,p:Firmicutes,c:Bacilli,o:Lactobacillales,f:Streptococcaceae,g:Streptococcus,s:Streptococcaceae_bacterium
OTU_1810	0	0	0	0	0	0	0	0	0	1	0	0	1	0	0	0	0	0	0	0	0	0	0	0	k:Bacteria,p:Firmicutes,c:Bacilli,o:Lactobacillales,f:Lactobacillaceae,g:Lactobacillus,s:Lactobacillus_buchneri
OTU_2995	0	0	0	0	0	1	0	0	0	0	0	0	0	0	0	0	0	0	0	0	0	0	0	0	k:Bacteria,p:Firmicutes,c:Bacilli,o:Lactobacillales,f:Lactobacillaceae,g:Lactobacillus,s:Lactobacillus_sp._CWBI/B-659/E912
OTU_26	0	0	0	2	3	4	0	0	0	0	0	0	0	0	0	0	0	0	0	0	0	0	0	0	k:Bacteria,p:Firmicutes,c:Bacilli,o:Lactobacillales,f:Leuconostocaceae,g:Weissella,s:Weissella_confusa
OTU_3875	0	0	0	2	0	0	0	0	0	0	0	0	0	0	0	0	0	0	0	0	0	0	0	0	k:Bacteria,p:Firmicutes,c:Negativicutes,o:Veillonellales-Selenomonadales,f:Veillonellaceae,g:Veillonella
OTU_3351	0	0	0	1	0	0	0	0	0	0	0	0	0	0	0	0	0	0	0	0	0	0	0	0	k:Bacteria,p:Firmicutes,c:Bacilli,o:Lactobacillales,f:Streptococcaceae,g:Streptococcus
OTU_591	0	0	0	1	2	3	0	0	0	0	0	0	0	0	0	0	0	0	0	0	0	0	0	0	k:Bacteria,p:Proteobacteria,c:Gammaproteobacteria,o:Enterobacterales,f:Enterobacteriaceae,g:Escherichia-Shigella
OTU_1871	0	0	0	3	2	8	0	0	0	0	0	0	0	0	0	0	0	0	0	0	0	0	0	0	k:Bacteria,p:Firmicutes,c:Bacilli,o:Lactobacillales,f:Leuconostocaceae,g:Weissella,s:Weissella_hellenica
OTU_354	0	0	0	1	0	1	0	0	0	0	0	0	0	0	0	6	0	0	0	0	0	0	0	0	k:Bacteria,p:Bacteroidota,c:Bacteroidia,o:Sphingobacteriales,f:Sphingobacteriaceae,g:Sphingobacterium,s:Sphingobacterium_sp.
OTU_1079	0	0	0	1	0	0	0	0	0	0	0	0	0	0	0	3	0	0	0	0	0	0	0	0	k:Bacteria,p:Firmicutes,c:Bacilli,o:Lactobacillales,f:Leuconostocaceae,g:Weissella,s:Weissella_hellenica
OTU_537	0	0	0	1	0	1	0	0	0	0	0	0	0	0	0	0	0	0	0	0	0	0	0	0	k:Bacteria,p:Proteobacteria,c:Gammaproteobacteria,o:Enterobacterales,f:Enterobacteriaceae,g:Klebsiella,s:Klebsiella_pneumoniae
OTU_2673	0	0	0	2	1	1	0	0	0	0	0	0	0	0	0	0	0	0	0	0	0	0	0	0	k:Bacteria,p:Firmicutes,c:Bacilli,o:Lactobacillales,f:Leuconostocaceae,g:Weissella,s:Weissella_hellenica
OTU_3350	0	0	0	2	0	0	0	0	0	0	0	0	0	0	0	0	0	0	0	0	0	0	0	0	k:Bacteria,p:Firmicutes,c:Bacilli,o:Lactobacillales,f:Leuconostocaceae,g:Weissella
OTU_940	0	0	0	1	0	0	0	0	1	0	0	0	0	0	0	1	0	0	0	0	0	0	0	0	k:Bacteria,p:Actinobacteriota,c:Actinobacteria,o:Micrococcales,f:Dermabacteraceae,g:Brachybacterium
OTU_532	0	0	0	0	0	0	0	0	0	0	0	0	0	0	0	1	0	0	0	0	0	0	0	0	k:Bacteria,p:Proteobacteria,c:Gammaproteobacteria,o:Burkholderiales,f:Nitrosomonadaceae,g:MND1
OTU_1038	0	0	0	0	1	2	0	0	0	0	0	0	0	0	0	0	0	0	0	0	0	0	0	0	k:Bacteria,p:Proteobacteria,c:Gammaproteobacteria,o:Enterobacterales,f:Enterobacteriaceae,g:Escherichia-Shigella
OTU_372	0	0	0	2	2	1	0	0	0	0	0	0	0	0	0	0	0	0	0	0	0	0	0	0	k:Bacteria,p:Proteobacteria,c:Gammaproteobacteria,o:Enterobacterales,f:Enterobacteriaceae,g:Klebsiella,s:Klebsiella_pneumoniae
OTU_722	0	0	0	1	0	0	0	0	0	0	0	0	0	0	0	0	0	0	0	0	0	0	0	0	k:Bacteria,p:Firmicutes,c:Bacilli,o:Bacillales,f:Bacillaceae,g:Bacillus
OTU_348	0	0	0	1	1	0	0	0	0	0	0	0	0	1	0	0	0	0	0	0	0	0	0	1	k:Bacteria,p:Proteobacteria,c:Gammaproteobacteria,o:Burkholderiales,f:TRA3-20
OTU_472	0	0	0	1	0	0	0	0	0	0	0	0	0	0	0	1	0	0	0	0	0	0	0	0	k:Bacteria,p:Proteobacteria,c:Gammaproteobacteria,o:Enterobacterales,f:Enterobacteriaceae,g:Escherichia-Shigella
OTU_409	0	0	0	1	0	0	0	0	0	0	0	1	0	0	0	0	0	0	0	0	0	0	0	0	k:Bacteria,p:Proteobacteria,c:Gammaproteobacteria,o:Enterobacterales,f:Enterobacteriaceae,g:Escherichia-Shigella
OTU_5072	0	0	0	1	1	0	0	0	0	0	0	1	0	1	0	0	0	0	0	0	0	0	1	0	k:Bacteria,p:Firmicutes,c:Bacilli,o:Lactobacillales,f:Lactobacillaceae,g:Lactobacillus,s:Lactobacillus_brevis
OTU_3130	0	0	0	0	0	1	0	0	0	0	0	0	0	0	0	0	0	0	0	0	0	0	0	0	k:Bacteria,p:Firmicutes,c:Bacilli,o:Lactobacillales,f:Streptococcaceae,g:Lactococcus,s:Lactococcus_lactis
OTU_145	0	0	0	1	0	1	0	0	0	0	0	0	1	0	0	0	0	0	1	1	0	1	0	0	k:Bacteria,p:Firmicutes,c:Bacilli,o:Lactobacillales,f:Streptococcaceae,g:Streptococcus
OTU_2311	0	0	0	1	0	0	0	0	0	0	0	0	0	0	0	0	0	0	0	0	0	0	0	0	k:Bacteria,p:Firmicutes,c:Bacilli,o:Lactobacillales,f:Streptococcaceae,g:Lactococcus
OTU_3500	0	0	0	0	1	1	0	0	0	0	0	0	0	0	0	0	0	0	0	0	0	0	0	0	k:Bacteria,p:Firmicutes,c:Bacilli,o:Lactobacillales,f:Enterococcaceae,g:Enterococcus
OTU_2308	0	0	0	1	0	0	0	0	0	0	0	0	0	0	0	0	0	0	0	0	0	0	0	0	k:Bacteria,p:Firmicutes,c:Bacilli,o:Lactobacillales,f:Lactobacillaceae,g:Lactobacillus,s:Lactobacillus_sp._CWBI/B-659/E912
OTU_1490	0	0	0	0	0	0	0	1	0	0	0	0	0	0	0	0	0	0	0	0	2	0	0	0	k:Bacteria,p:Firmicutes,c:Bacilli,o:Lactobacillales,f:Leuconostocaceae,g:Leuconostoc,s:Leuconostoc_lactis
OTU_1131	0	0	0	1	0	0	0	0	0	0	0	0	0	0	0	1	0	0	0	0	0	0	0	0	k:Bacteria,p:Fusobacteriota,c:Fusobacteriia,o:Fusobacteriales,f:Fusobacteriaceae,g:Fusobacterium
OTU_5490	0	0	0	1	0	2	0	0	0	0	0	0	0	0	0	0	0	0	0	0	0	0	0	0	k:Bacteria,p:Firmicutes,c:Bacilli,o:Lactobacillales,f:Leuconostocaceae,g:Weissella,s:Weissella_hellenica
OTU_973	0	0	0	0	0	0	0	0	0	0	0	0	0	0	0	0	0	0	0	0	0	0	0	0	k:Bacteria,p:Proteobacteria,c:Gammaproteobacteria,o:Enterobacterales,f:Enterobacteriaceae
OTU_1128	0	0	0	0	1	0	0	0	0	0	0	0	0	0	0	0	0	1	0	0	0	0	0	0	k:Bacteria,p:Firmicutes,c:Bacilli,o:Lactobacillales,f:Lactobacillaceae,g:Lactobacillus
OTU_127	0	0	0	0	4	0	0	0	0	0	0	0	0	0	0	0	0	0	0	0	7	0	1	0	k:Bacteria,p:Proteobacteria,c:Alphaproteobacteria,o:Rhodobacterales,f:Rhodobacteraceae,g:Paracoccus
OTU_1506	0	0	0	0	1	0	0	0	0	0	0	1	0	0	0	0	0	0	0	0	0	0	0	0	k:Bacteria,p:Firmicutes,c:Bacilli,o:Lactobacillales,f:Streptococcaceae,g:Streptococcus
OTU_508	0	0	0	0	1	1	0	0	0	0	1	0	0	0	0	0	1	0	0	0	0	0	0	0	k:Bacteria,p:Actinobacteriota,c:Actinobacteria,o:Pseudonocardiales,f:Pseudonocardiaceae,g:Saccharopolyspora
OTU_2598	0	0	0	0	0	0	2	0	0	0	0	3	0	2	0	0	2	0	0	0	0	0	0	0	k:Bacteria,p:Proteobacteria,c:Gammaproteobacteria,o:Enterobacterales,f:Enterobacteriaceae,g:Escherichia-Shigella
OTU_2677	0	0	0	0	1	0	0	0	0	0	0	0	0	0	0	0	0	0	0	0	0	0	0	0	k:Bacteria,p:Proteobacteria,c:Gammaproteobacteria,o:Pseudomonadales,f:Moraxellaceae,g:Acinetobacter,s:Acinetobacter_bereziniae
OTU_2676	0	0	0	0	1	0	0	0	0	0	0	0	1	0	0	1	0	0	0	0	0	0	0	0	k:Bacteria,p:Proteobacteria,c:Gammaproteobacteria,o:Burkholderiales,f:Nitrosomonadaceae,g:Ellin6067
OTU_1919	0	0	0	0	1	0	0	0	0	0	0	0	0	0	0	1	0	0	0	0	0	0	0	0	k:Bacteria,p:Proteobacteria,c:Alphaproteobacteria,o:Sphingomonadales,f:Sphingomonadaceae,g:Ellin6055,s:Sphingomonas_sp.
OTU_396	0	0	0	0	0	0	0	0	0	0	0	0	0	1	0	0	0	0	0	0	0	0	0	0	k:Bacteria,p:Proteobacteria,c:Alphaproteobacteria,o:Acetobacterales,f:Acetobacteraceae,g:Acetobacter,s:Acetobacter_pasteurianus
OTU_2193	0	0	0	0	1	0	0	0	0	0	0	0	0	0	0	0	3	2	0	0	0	0	0	0	k:Bacteria,p:Firmicutes,c:Bacilli,o:Lactobacillales,f:Leuconostocaceae,g:Weissella,s:Weissella_confusa
OTU_544	0	0	0	0	0	1	0	0	0	1	0	0	0	0	0	0	0	0	0	0	0	0	0	0	k:Bacteria,p:Proteobacteria,c:Gammaproteobacteria,o:Enterobacterales,f:Morganellaceae,g:Arsenophonus
OTU_545	0	0	0	0	0	0	0	0	0	0	0	0	0	0	0	0	0	0	0	0	0	0	0	0	k:Bacteria,p:Firmicutes,c:Bacilli,o:Lactobacillales,f:Lactobacillaceae,g:Lactobacillus
OTU_83	0	0	0	0	1	2	0	1	0	0	0	0	0	0	0	5	0	0	0	0	0	0	0	0	k:Bacteria,p:Firmicutes,c:Bacilli,o:Lactobacillales,f:Streptococcaceae,g:Streptococcus,s:Streptococcus_ferus
OTU_3502	0	0	0	0	1	0	0	0	0	0	0	0	0	0	0	1	0	0	0	0	0	0	0	0	k:Bacteria,p:Firmicutes,c:Bacilli,o:Lactobacillales,f:Leuconostocaceae,g:Weissella,s:Weissella_confusa
OTU_1685	0	0	0	0	0	1	1	0	0	0	0	0	0	0	0	0	0	0	0	0	0	0	0	0	k:Bacteria,p:Proteobacteria,c:Gammaproteobacteria,o:Burkholderiales,f:Burkholderiaceae,g:Burkholderia-Caballeronia-Paraburkholderia
OTU_958	0	0	0	0	0	1	0	0	0	0	0	0	0	0	0	0	0	0	0	0	0	0	0	0	k:Bacteria,p:Proteobacteria,c:Gammaproteobacteria
OTU_5495	0	0	0	0	0	1	0	0	0	0	0	0	0	0	0	0	0	0	0	0	0	0	0	0	k:Bacteria,p:Proteobacteria,c:Gammaproteobacteria,o:Enterobacterales,f:Enterobacteriaceae,g:Enterobacter
OTU_953	0	0	0	0	0	0	0	0	0	0	0	1	0	0	0	0	0	0	0	0	0	0	0	0	k:Bacteria,p:Proteobacteria,c:Alphaproteobacteria,o:Rhizobiales,f:Xanthobacteraceae,g:Bradyrhizobium,s:Bradyrhizobium_japonicum
OTU_547	0	0	0	0	0	0	0	0	0	0	0	0	0	0	0	0	0	0	0	0	0	0	0	0	k:Bacteria,p:Actinobacteriota,c:Actinobacteria,o:Pseudonocardiales,f:Pseudonocardiaceae,g:Saccharopolyspora
OTU_4450	0	0	0	0	0	1	1	0	0	0	0	0	0	0	0	0	0	0	0	0	0	0	0	0	k:Bacteria,p:Firmicutes,c:Bacilli,o:Lactobacillales,f:Lactobacillaceae,g:Lactobacillus,s:Lactobacillus_brevis
OTU_3152	0	0	0	0	0	1	0	0	0	0	0	0	1	2	0	2	0	0	0	0	0	0	0	0	k:Bacteria,p:Firmicutes,c:Bacilli,o:Bacillales,f:Bacillaceae,g:Ornithinibacillus
OTU_3679	0	0	0	0	0	1	0	0	0	0	0	0	0	0	0	1	0	0	0	0	0	0	0	0	k:Bacteria,p:Firmicutes,c:Bacilli,o:Lactobacillales,f:Lactobacillaceae,g:Lactobacillus,s:Lactobacillus_brevis
OTU_606	0	0	0	0	0	0	0	0	0	0	0	0	0	0	0	0	1	0	0	0	0	0	0	0	k:Bacteria,p:Proteobacteria,c:Gammaproteobacteria,o:Enterobacterales,f:Enterobacteriaceae,g:Escherichia-Shigella
OTU_422	0	0	0	0	0	1	0	0	0	0	1	0	0	0	0	0	0	0	0	0	0	0	0	0	k:Bacteria,p:Acidobacteriota,c:Vicinamibacteria,o:Vicinamibacterales,f:Vicinamibacteraceae
OTU_29	0	0	0	0	0	0	0	0	0	32	17	3	8	31	0	0	0	0	13	0	1	5	5	9	k:Bacteria,p:Campilobacterota,c:Campylobacteria,o:Campylobacterales,f:Campylobacteraceae,g:Campylobacter
OTU_45	0	0	0	0	0	0	0	0	0	49	0	0	5	0	0	0	0	0	0	0	0	0	0	0	k:Bacteria,p:Firmicutes,c:Clostridia,o:Lachnospirales,f:Lachnospiraceae,g:Tyzzerella
OTU_8	0	0	0	0	0	0	11	6	8	4	6	1	2	1	12	0	0	2	0	0	0	1	1	0	k:Bacteria,p:Firmicutes,c:Clostridia,o:Clostridiales,f:Clostridiaceae,g:Clostridium_sensu_stricto_1
OTU_903	0	0	0	0	0	0	0	0	0	0	0	0	0	0	0	1	0	0	0	0	0	0	0	0	k:Bacteria,p:Actinobacteriota,c:Actinobacteria,o:Actinomycetales,f:Actinomycetaceae,g:Trueperella
OTU_2089	0	0	0	0	0	0	1	2	0	2	0	0	0	0	0	0	0	0	0	0	0	0	0	0	k:Bacteria,p:Firmicutes,c:Clostridia,o:Peptostreptococcales-Tissierellales,f:Peptostreptococcaceae,g:Paeniclostridium,s:Paeniclostridium_sordellii
OTU_1396	0	0	0	0	0	0	0	0	0	1	0	1	1	0	0	0	1	0	0	0	0	0	0	0	k:Bacteria,p:Proteobacteria,c:Gammaproteobacteria,o:Enterobacterales,f:Enterobacteriaceae,g:Escherichia-Shigella
OTU_4424	0	0	0	0	0	0	0	2	0	2	0	0	0	0	0	0	0	0	0	0	0	0	0	0	k:Bacteria,p:Firmicutes,c:Clostridia,o:Clostridiales,f:Clostridiaceae,g:Clostridium_sensu_stricto_1
OTU_335	0	0	0	0	0	0	0	0	0	1	0	0	0	0	0	0	1	0	0	0	0	0	0	0	k:Bacteria,p:Firmicutes,c:Bacilli,o:Lactobacillales,f:Lactobacillaceae,g:Lactobacillus,s:Lactobacillus_acidipiscis
OTU_5407	0	0	0	0	0	0	1	0	2	1	0	0	2	0	0	0	0	0	0	0	0	0	0	0	k:Bacteria,p:Firmicutes,c:Bacilli,o:Erysipelotrichales,f:Erysipelotrichaceae,g:Turicibacter
OTU_5169	0	0	0	0	0	0	0	0	0	2	1	1	0	0	0	1	0	0	0	0	0	0	0	0	k:Bacteria,p:Proteobacteria,c:Gammaproteobacteria,o:Enterobacterales,f:Enterobacteriaceae,g:Escherichia-Shigella,s:Escherichia_coli
OTU_501	0	0	0	0	0	0	0	0	0	0	0	0	1	0	0	0	0	0	0	0	0	0	0	0	k:Bacteria,p:Firmicutes,c:Bacilli,o:Bacillales,f:Bacillaceae,g:Bacillus
OTU_5160	0	0	0	0	0	0	0	0	0	0	0	0	0	0	0	0	0	0	0	0	0	0	0	0	k:Bacteria,p:Proteobacteria,c:Gammaproteobacteria,o:Enterobacterales,f:Enterobacteriaceae,g:Escherichia-Shigella,s:Escherichia_coli
OTU_5428	0	0	0	0	0	0	1	1	1	0	0	2	0	0	0	0	1	0	0	0	0	0	0	0	k:Bacteria,p:Firmicutes,c:Clostridia,o:Clostridiales,f:Clostridiaceae,g:Clostridium_sensu_stricto_1
OTU_1774	0	0	0	0	0	0	0	0	0	0	0	1	0	0	0	0	1	0	0	0	0	0	0	0	k:Bacteria,p:Firmicutes,c:Bacilli,o:Lactobacillales,f:Streptococcaceae,g:Streptococcus
OTU_5253	0	0	0	0	0	0	0	0	0	1	0	1	0	0	0	0	0	0	0	0	0	0	0	0	k:Bacteria,p:Proteobacteria,c:Gammaproteobacteria,o:Enterobacterales,f:Enterobacteriaceae,g:Escherichia-Shigella
OTU_1873	0	0	0	0	0	0	0	0	0	1	0	1	0	2	0	0	0	1	0	0	0	0	0	0	k:Bacteria,p:Firmicutes,c:Clostridia,o:Peptostreptococcales-Tissierellales,f:Peptostreptococcaceae,g:Romboutsia,s:Clostridium_sp._K39
OTU_3796	0	0	0	0	0	0	0	0	0	0	5	9	7	8	0	0	6	1	0	0	0	0	1	0	k:Bacteria,p:Firmicutes,c:Bacilli,o:Lactobacillales,f:Streptococcaceae
OTU_3437	0	0	0	0	0	0	1	0	1	0	1	6	3	6	1	2	4	7	0	0	0	1	2	1	k:Bacteria,p:Firmicutes,c:Clostridia,o:Clostridiales,f:Clostridiaceae,g:Clostridium_sensu_stricto_1
OTU_1878	0	0	0	0	0	0	0	0	0	0	0	0	0	0	0	2	0	0	0	0	0	0	0	0	k:Bacteria,p:Proteobacteria,c:Alphaproteobacteria,o:Rhizobiales,f:Beijerinckiaceae,g:Methylobacterium-Methylorubrum,s:Methylobacterium_aquaticum
OTU_846	0	0	0	0	0	0	2	0	4	0	3	1	1	2	0	0	1	0	0	0	0	0	0	0	k:Bacteria,p:Firmicutes,c:Bacilli
OTU_2274	0	0	0	0	0	0	0	0	0	0	2	0	0	0	0	0	0	0	0	0	0	0	0	0	k:Bacteria,p:Acidobacteriota,c:Acidobacteriae,o:Acidobacteriales
OTU_996	0	0	0	0	0	0	0	0	0	0	1	4	0	1	0	0	0	0	0	0	0	0	1	0	k:Bacteria,p:Proteobacteria,c:Gammaproteobacteria,o:Enterobacterales,f:Enterobacteriaceae,g:Escherichia-Shigella
OTU_265	0	0	0	0	0	0	0	0	0	0	1	1	0	1	0	2	0	3	0	0	0	0	0	0	k:Bacteria,p:Proteobacteria,c:Alphaproteobacteria,o:Rhizobiales,f:Beijerinckiaceae
OTU_118	0	0	0	0	0	0	0	0	0	0	2	0	0	0	0	10	0	1	0	0	0	0	0	0	k:Bacteria,p:Proteobacteria,c:Alphaproteobacteria,o:Rhizobiales,f:Beijerinckiaceae,g:Methylobacterium-Methylorubrum
OTU_166	0	0	0	0	0	0	0	1	1	0	1	0	0	0	1	10	0	1	1	0	0	1	0	0	k:Bacteria,p:Proteobacteria,c:Gammaproteobacteria,o:Burkholderiales,f:Neisseriaceae,g:Neisseria
OTU_468	0	0	0	0	0	0	0	0	0	0	1	0	0	0	0	1	0	0	0	0	0	0	0	0	k:Bacteria,p:Firmicutes,c:Bacilli,o:Lactobacillales,f:Lactobacillaceae,g:Lactobacillus,s:Lactobacillus_coleohominis
OTU_739	0	0	0	0	0	0	0	0	0	0	1	0	0	1	0	0	0	0	0	0	0	0	0	0	k:Bacteria,p:Proteobacteria,c:Gammaproteobacteria,o:Enterobacterales,f:Enterobacteriaceae,g:Escherichia-Shigella,s:Escherichia_coli
OTU_4237	0	0	0	0	0	0	0	0	0	0	1	0	1	0	0	0	0	1	1	0	0	0	0	0	k:Bacteria,p:Proteobacteria,c:Gammaproteobacteria,o:Enterobacterales,f:Enterobacteriaceae,g:Escherichia-Shigella
OTU_2967	0	0	0	0	0	0	0	0	0	0	1	1	0	0	0	0	0	0	0	0	0	0	0	0	k:Bacteria,p:Proteobacteria,c:Gammaproteobacteria,o:Enterobacterales,f:Enterobacteriaceae,g:Escherichia-Shigella
OTU_1698	0	0	0	0	0	0	0	0	0	0	1	0	0	0	0	0	0	0	0	0	0	0	0	0	k:Bacteria,p:Proteobacteria,c:Gammaproteobacteria,o:Enterobacterales,f:Enterobacteriaceae,g:Escherichia-Shigella
OTU_1816	0	0	0	0	0	0	0	0	0	0	1	0	0	0	0	0	0	0	0	0	0	0	0	0	k:Bacteria,p:Firmicutes,c:Bacilli,o:Erysipelotrichales,f:Erysipelotrichaceae,g:Turicibacter
OTU_4248	0	0	0	0	0	0	1	1	1	0	1	0	0	0	0	0	0	0	0	0	0	0	0	0	k:Bacteria,p:Firmicutes,c:Bacilli,o:Erysipelotrichales,f:Erysipelotrichaceae,g:Turicibacter
OTU_1695	0	0	0	0	0	0	0	0	0	0	1	0	0	0	0	1	0	0	0	0	1	0	0	0	k:Bacteria,p:Firmicutes,c:Bacilli,o:Lactobacillales,f:Lactobacillaceae,g:Lactobacillus,s:Lactobacillus_buchneri
OTU_2051	0	0	0	0	0	0	0	0	0	0	0	0	0	0	1	0	0	0	0	0	0	0	0	0	k:Bacteria,p:Proteobacteria,c:Gammaproteobacteria,o:Burkholderiales,f:Comamonadaceae
OTU_2258	0	0	0	0	0	0	0	0	0	0	1	0	0	0	0	0	0	0	1	0	0	0	0	0	k:Bacteria,p:Firmicutes,c:Bacilli,o:Thermoactinomycetales,f:Thermoactinomycetaceae,g:Thermoactinomyces,s:Thermoactinomyces_daqus
OTU_217	0	0	0	0	0	0	0	1	0	0	1	0	0	0	0	0	0	0	1	0	0	0	0	0	k:Bacteria,p:Firmicutes,c:Bacilli,o:Lactobacillales,f:Lactobacillaceae,g:Lactobacillus
OTU_645	0	0	0	0	0	0	0	0	1	0	1	0	0	0	0	7	0	0	2	0	1	0	0	0	k:Bacteria,p:Firmicutes,c:Bacilli,o:Lactobacillales,f:Streptococcaceae,g:Streptococcus
OTU_425	0	0	0	0	0	0	0	0	0	0	1	1	0	1	0	0	0	0	0	0	0	0	0	0	k:Bacteria,p:Firmicutes,c:Bacilli,o:Bacillales,f:Bacillaceae,g:Bacillus
OTU_3168	0	0	0	0	0	0	0	0	0	0	0	0	0	0	0	0	0	0	0	0	0	0	0	0	k:Bacteria,p:Actinobacteriota,c:Actinobacteria,o:Pseudonocardiales,f:Pseudonocardiaceae,g:Actinomycetospora,s:Pseudonocardia_sp._CNJ888_PL04
OTU_2922	0	0	0	0	0	0	0	0	0	0	0	0	0	1	0	1	0	2	0	0	0	0	0	0	k:Bacteria,p:Proteobacteria,c:Gammaproteobacteria,o:Enterobacterales,f:Enterobacteriaceae,g:Escherichia-Shigella
OTU_2603	0	0	0	0	0	0	0	0	0	0	0	2	0	0	1	0	0	0	0	0	0	0	0	0	k:Bacteria,p:Proteobacteria,c:Alphaproteobacteria,o:Sphingomonadales,f:Sphingomonadaceae,g:Sphingomonas,s:Sphingomonas_sp._JGI_0001002-A17
OTU_314	0	0	0	0	0	0	0	0	0	0	0	0	0	0	0	0	0	0	0	0	0	1	1	0	k:Bacteria,p:Firmicutes,c:Bacilli,o:Lactobacillales,f:Streptococcaceae,g:Streptococcus,s:Streptococcus_alactolyticus
OTU_917	0	0	0	0	0	0	0	0	0	0	0	1	0	0	0	1	0	0	0	0	0	0	0	0	k:Bacteria,p:Proteobacteria,c:Gammaproteobacteria,o:Enterobacterales,f:Enterobacteriaceae,g:Escherichia-Shigella
OTU_3786	0	0	0	0	0	0	0	0	0	0	0	1	0	1	0	0	0	0	0	0	0	0	0	0	k:Bacteria,p:Firmicutes,c:Clostridia,o:Peptostreptococcales-Tissierellales,f:Peptostreptococcaceae
OTU_850	0	0	0	0	0	0	0	0	0	0	0	2	0	1	0	0	0	0	0	0	0	0	2	2	k:Bacteria,p:Firmicutes,c:Bacilli,o:Lactobacillales,f:Streptococcaceae,g:Lactococcus,s:Lactococcus_lactis
OTU_2645	0	0	0	0	0	0	0	0	0	0	0	1	1	0	0	0	0	0	0	0	0	2	0	0	k:Bacteria,p:Firmicutes,c:Bacilli,o:Erysipelotrichales,f:Erysipelotrichaceae,g:Turicibacter
OTU_2899	0	0	0	0	0	0	0	0	0	0	0	1	0	1	0	0	1	0	0	0	0	0	0	0	k:Bacteria,p:Firmicutes,c:Bacilli,o:Lactobacillales,f:Streptococcaceae,g:Streptococcus,s:Streptococcus_alactolyticus
OTU_1978	0	0	0	0	0	0	0	0	1	0	0	1	0	0	0	0	0	0	0	0	0	0	1	0	k:Bacteria,p:Firmicutes,c:Bacilli,o:Lactobacillales,f:Lactobacillaceae,g:Lactobacillus,s:Lactobacillus_acetotolerans_DSM_20749_
OTU_287	0	0	0	0	0	0	0	0	0	0	0	2	0	3	0	0	1	1	0	0	0	0	2	1	k:Bacteria,p:Firmicutes,c:Clostridia,o:Clostridiales,f:Clostridiaceae,g:Clostridium_sensu_stricto_1
OTU_1416	0	0	0	0	0	0	0	0	0	0	0	2	0	1	0	0	1	0	0	0	0	0	0	0	k:Bacteria,p:Firmicutes,c:Clostridia,o:Clostridiales,f:Clostridiaceae,g:Clostridium_sensu_stricto_1
OTU_1240	0	0	0	0	0	0	0	0	0	0	0	1	0	0	0	0	1	0	0	0	0	0	0	0	k:Bacteria,p:Proteobacteria,c:Gammaproteobacteria
OTU_4185	0	0	0	0	0	0	0	0	0	0	0	2	0	0	0	0	0	0	0	0	0	0	0	0	k:Bacteria,p:Proteobacteria,c:Gammaproteobacteria,o:Enterobacterales,f:Enterobacteriaceae,g:Escherichia-Shigella
OTU_1397	0	0	0	0	0	0	0	0	0	0	0	2	0	0	0	0	0	0	0	0	0	0	0	0	k:Bacteria,p:Firmicutes,c:Bacilli,o:Lactobacillales,f:Streptococcaceae,g:Streptococcus
OTU_5510	0	0	0	0	0	0	0	0	0	0	0	1	0	0	0	0	0	0	0	0	0	0	0	0	k:Bacteria,p:Firmicutes,c:Clostridia,o:Clostridiales,f:Clostridiaceae,g:Clostridium_sensu_stricto_1
OTU_362	0	0	0	0	0	0	0	0	0	0	0	0	0	0	0	0	1	0	0	0	0	0	0	0	k:Bacteria,p:Firmicutes,c:Bacilli,o:Thermoactinomycetales,f:Thermoactinomycetaceae
OTU_2570	0	0	0	0	0	0	1	0	0	0	0	1	0	0	0	0	0	0	0	0	0	0	0	0	k:Bacteria,p:Proteobacteria,c:Gammaproteobacteria,o:Enterobacterales,f:Enterobacteriaceae,g:Escherichia-Shigella,s:Escherichia_coli
OTU_871	0	0	0	0	0	0	0	0	0	0	0	2	0	0	0	0	1	0	0	0	0	0	0	0	k:Bacteria,p:Firmicutes,c:Clostridia,o:Clostridiales,f:Clostridiaceae,g:Clostridium_sensu_stricto_1
OTU_5439	0	0	0	0	0	0	0	0	0	0	0	0	0	2	0	0	1	0	0	0	0	0	0	0	k:Bacteria
OTU_2613	0	0	0	0	0	0	0	1	0	0	0	1	0	0	0	3	0	1	0	0	0	0	0	0	k:Bacteria,p:Proteobacteria,c:Gammaproteobacteria,o:Enterobacterales,f:Enterobacteriaceae,g:Escherichia-Shigella
OTU_2641	0	0	0	0	0	0	0	0	0	0	0	2	3	0	0	0	1	0	0	0	0	0	1	0	k:Bacteria,p:Firmicutes,c:Bacilli
OTU_188	0	0	0	0	0	0	0	0	0	0	0	0	0	0	1	0	0	0	0	0	0	0	0	0	k:Bacteria,p:Actinobacteriota,c:Actinobacteria,o:Micrococcales
OTU_1835	0	0	0	0	0	0	0	0	0	0	0	1	0	1	0	0	0	0	0	0	0	0	0	0	k:Bacteria,p:Proteobacteria,c:Gammaproteobacteria,o:Enterobacterales,f:Enterobacteriaceae
OTU_2966	0	0	0	0	0	0	0	0	0	0	0	1	0	1	0	0	0	1	0	0	0	0	0	0	k:Bacteria,p:Proteobacteria,c:Gammaproteobacteria,o:Enterobacterales,f:Enterobacteriaceae,g:Escherichia-Shigella
OTU_1469	0	0	0	0	0	0	0	0	0	0	0	1	0	0	0	0	0	0	0	0	0	0	0	0	k:Bacteria,p:Proteobacteria,c:Gammaproteobacteria,o:Enterobacterales,f:Enterobacteriaceae,g:Escherichia-Shigella
OTU_2595	0	0	0	0	0	0	0	0	0	0	0	0	0	1	0	0	0	0	0	0	0	0	0	0	k:Bacteria,p:Proteobacteria,c:Gammaproteobacteria,o:Enterobacterales,f:Enterobacteriaceae,g:Escherichia-Shigella,s:Escherichia_coli
OTU_860	0	0	0	0	0	0	0	0	0	0	0	0	2	0	0	0	0	0	0	0	0	0	0	0	k:Bacteria,p:Firmicutes,c:Bacilli,o:Lactobacillales,f:Streptococcaceae,g:Streptococcus
OTU_1381	0	0	0	0	0	0	0	0	0	0	0	0	1	0	0	0	0	1	0	0	0	0	0	0	k:Bacteria,p:Proteobacteria,c:Gammaproteobacteria,o:Enterobacterales,f:Enterobacteriaceae,g:Escherichia-Shigella,s:Escherichia_coli
OTU_2239	0	0	0	0	0	0	0	0	0	0	0	0	0	0	0	0	0	0	0	1	0	0	0	0	k:Bacteria,p:Firmicutes,c:Bacilli,o:Bacillales,f:Bacillaceae,g:Virgibacillus
OTU_175	0	0	0	0	0	0	0	0	0	0	0	0	0	1	0	1	0	0	1	0	0	0	0	0	k:Bacteria,p:Proteobacteria,c:Alphaproteobacteria,o:Sphingomonadales,f:Sphingomonadaceae,g:Sphingomonas
OTU_1823	0	0	0	0	0	0	0	0	0	0	0	0	0	0	0	0	1	0	0	0	0	0	0	0	k:Bacteria,p:Firmicutes,c:Bacilli,o:Lactobacillales,f:Streptococcaceae,g:Streptococcus
OTU_2914	0	0	0	0	0	0	1	1	0	0	0	0	0	0	0	0	0	0	0	0	2	0	0	0	k:Bacteria,p:Firmicutes,c:Bacilli,o:Lactobacillales,f:Lactobacillaceae,g:Lactobacillus
OTU_1412	0	0	0	0	0	0	0	0	0	0	0	0	0	0	0	0	0	0	0	0	0	0	0	0	k:Bacteria,p:Proteobacteria,c:Gammaproteobacteria,o:Enterobacterales,f:Enterobacteriaceae,g:Escherichia-Shigella
OTU_2230	0	0	0	0	0	0	0	0	0	0	0	0	0	1	0	0	0	1	0	0	0	0	0	0	k:Bacteria,p:Acidobacteriota,c:Acidobacteriae,o:Acidobacteriales,f:Acidobacteriaceae_Subgroup_1
OTU_1766	0	0	0	0	0	0	0	0	0	0	0	0	0	1	0	0	0	0	0	0	1	0	0	0	k:Bacteria,p:Firmicutes,c:Clostridia,o:Clostridiales,f:Clostridiaceae,g:Clostridium_sensu_stricto_1
OTU_4459	0	0	0	0	0	0	0	0	0	0	0	0	0	0	0	0	0	0	0	0	0	0	0	0	k:Bacteria,p:Firmicutes,c:Bacilli,o:Erysipelotrichales,f:Erysipelotrichaceae,g:Turicibacter
OTU_942	0	0	0	0	0	0	0	0	0	0	0	0	0	1	0	3	0	1	0	0	0	0	0	0	k:Bacteria,p:Proteobacteria,c:Gammaproteobacteria,o:Burkholderiales,f:Burkholderiaceae,g:Lautropia,s:Lautropia_sp._canine_oral_taxon_060
OTU_392	0	0	0	0	0	0	0	0	1	0	0	0	0	0	0	0	0	0	0	0	0	0	0	0	k:Bacteria,p:Proteobacteria,c:Gammaproteobacteria,o:Enterobacterales,f:Enterobacteriaceae,g:Escherichia-Shigella
OTU_470	0	0	0	0	0	0	0	0	0	0	0	0	0	0	0	2	0	0	0	0	0	0	0	0	k:Bacteria,p:Actinobacteriota,c:Actinobacteria,o:Corynebacteriales,f:Nocardiaceae,g:Rhodococcus
OTU_2158	0	0	0	0	0	0	0	0	0	0	0	0	0	0	0	2	0	0	0	0	0	0	0	0	k:Bacteria,p:Proteobacteria,c:Alphaproteobacteria,o:Rhizobiales,f:Rhizobiaceae,g:Shinella
OTU_258	0	0	0	0	0	0	0	0	0	0	0	0	0	0	0	2	0	1	0	0	0	0	0	0	k:Bacteria,p:Proteobacteria,c:Alphaproteobacteria,o:Rhizobiales,f:Beijerinckiaceae,g:1174-901-12
OTU_3243	0	0	0	0	0	0	0	0	0	0	0	0	0	0	0	2	0	0	0	0	0	0	0	0	k:Bacteria,p:Proteobacteria,c:Gammaproteobacteria,o:Pseudomonadales,f:Pseudomonadaceae,g:Pseudomonas
OTU_76	0	0	0	0	0	0	0	0	0	0	0	0	0	0	0	19	0	1	0	0	0	0	0	0	k:Bacteria,p:Proteobacteria,c:Alphaproteobacteria,o:Rhizobiales,f:Rhizobiaceae,g:Allorhizobium-Neorhizobium-Pararhizobium-Rhizobium,s:Rhizobium_tropici
OTU_77	0	0	0	0	0	0	4	2	1	0	0	0	0	0	0	3	0	0	1	0	0	0	0	0	k:Bacteria,p:Actinobacteriota,c:Actinobacteria,o:Micrococcales,f:Micrococcaceae,g:Rothia,s:Rothia_nasimurium
OTU_113	0	0	0	0	0	0	0	0	0	0	0	0	0	0	0	20	0	2	0	0	0	0	0	0	k:Bacteria,p:Proteobacteria,c:Gammaproteobacteria,o:Burkholderiales,f:Comamonadaceae,g:Comamonas,s:Comamonas_aquatica
OTU_935	0	0	0	0	0	0	0	0	0	0	0	0	0	0	0	1	0	0	0	0	0	0	0	0	k:Bacteria,p:Patescibacteria,c:Saccharimonadia,o:Saccharimonadales,f:Saccharimonadaceae,g:TM7x
OTU_476	0	0	0	0	0	0	0	0	0	0	0	0	0	0	0	2	0	0	0	0	0	0	0	0	k:Bacteria,p:Bacteroidota,c:Bacteroidia,o:Bacteroidales,f:Porphyromonadaceae,g:Porphyromonas,s:Porphyromonas_bennonis
OTU_5031	0	0	0	0	0	0	0	0	0	0	0	0	0	0	0	2	0	0	0	0	0	0	0	0	k:Bacteria,p:Proteobacteria,c:Alphaproteobacteria,o:Sphingomonadales,f:Sphingomonadaceae,g:Sphingomonas
OTU_1726	0	0	0	0	0	0	0	0	1	0	0	0	0	0	0	2	0	0	0	0	0	0	0	0	k:Bacteria,p:Actinobacteriota,c:Actinobacteria,o:Micrococcales,f:Micrococcaceae,g:Kocuria,s:Kocuria_palustris
OTU_356	0	0	0	0	0	0	0	0	0	0	0	0	0	0	1	3	0	0	0	0	1	0	0	0	k:Bacteria,p:Proteobacteria,c:Gammaproteobacteria,o:Burkholderiales,f:Neisseriaceae,g:Neisseria
OTU_887	0	0	0	0	0	0	0	0	0	0	0	0	0	0	0	3	0	0	1	0	0	0	0	0	k:Bacteria,p:Proteobacteria,c:Gammaproteobacteria,o:Burkholderiales,f:Burkholderiaceae,g:Lautropia
OTU_894	0	0	0	0	0	0	0	0	0	0	0	0	0	0	0	4	0	0	0	0	0	0	0	0	k:Bacteria,p:Proteobacteria,c:Alphaproteobacteria,o:Sphingomonadales,f:Sphingomonadaceae,g:Sphingomonas
OTU_2983	0	0	0	0	0	0	0	0	0	0	0	0	0	0	0	5	0	0	0	0	0	0	0	0	k:Bacteria,p:Proteobacteria,c:Gammaproteobacteria,o:Burkholderiales,f:Comamonadaceae
OTU_5136	0	0	0	0	0	0	0	0	0	0	0	0	0	0	0	1	0	0	0	0	0	0	0	0	k:Bacteria,p:Firmicutes,c:Bacilli,o:Lactobacillales,f:Leuconostocaceae,g:Leuconostoc,s:Leuconostoc_lactis
OTU_2186	0	0	0	0	0	0	0	0	0	0	0	0	0	0	0	2	0	0	0	0	0	0	0	0	k:Bacteria,p:NB1-j
OTU_34	0	0	0	0	0	0	0	0	0	0	0	0	0	0	0	5	0	0	0	0	0	0	0	0	k:Bacteria,p:Proteobacteria,c:Gammaproteobacteria,o:Pseudomonadales,f:Moraxellaceae,g:Acinetobacter
OTU_5409	0	0	0	0	0	0	0	0	0	0	0	0	0	0	0	1	0	1	0	0	0	0	0	0	k:Bacteria,p:Acidobacteriota,c:Acidobacteriae,o:Acidobacteriales,f:Acidobacteriaceae_Subgroup_1,g:Terriglobus
OTU_232	0	0	0	0	0	0	1	0	0	0	0	0	0	0	0	4	1	0	0	0	0	0	0	0	k:Bacteria,p:Proteobacteria,c:Gammaproteobacteria,o:Pseudomonadales,f:Moraxellaceae
OTU_2949	0	0	0	0	0	0	0	1	0	0	0	0	0	0	0	1	0	0	0	0	0	0	0	0	k:Bacteria,p:Proteobacteria,c:Gammaproteobacteria,o:Enterobacterales,f:Yersiniaceae,g:Rahnella1,s:Serratia_sp._HC4-9
OTU_948	0	0	0	0	0	0	0	0	0	0	0	0	0	0	0	2	0	1	0	0	0	0	0	0	k:Bacteria,p:Proteobacteria,c:Alphaproteobacteria,o:Rhizobiales,f:Beijerinckiaceae
OTU_1394	0	0	0	0	0	0	0	0	0	0	0	0	0	0	0	6	0	4	0	0	0	0	1	0	k:Bacteria,p:Proteobacteria,c:Alphaproteobacteria,o:Rhizobiales,f:Beijerinckiaceae,g:1174-901-12
OTU_1905	0	0	0	0	0	0	0	0	0	0	0	0	0	0	0	2	0	0	0	0	0	0	0	0	k:Bacteria,p:Proteobacteria,c:Alphaproteobacteria,o:Acetobacterales,f:Acetobacteraceae
OTU_3054	0	0	0	0	0	0	0	0	0	0	0	0	0	0	0	2	0	0	0	0	0	0	0	0	k:Bacteria,p:Proteobacteria,c:Alphaproteobacteria,o:Sphingomonadales,f:Sphingomonadaceae,g:Sphingomonas
OTU_2220	0	0	0	0	0	0	0	0	0	0	0	0	0	0	0	2	0	0	0	0	0	0	0	0	k:Bacteria,p:Proteobacteria,c:Alphaproteobacteria,o:Acetobacterales,f:Acetobacteraceae
OTU_234	0	0	0	0	0	0	0	0	0	0	0	0	0	0	0	2	0	0	0	0	0	0	0	0	k:Bacteria,p:Proteobacteria,c:Alphaproteobacteria,o:Rhizobiales,f:Xanthobacteraceae,g:Bradyrhizobium,s:Bradyrhizobium_sp._URHD0069
OTU_100	0	0	0	0	0	0	0	0	0	0	0	0	0	0	0	1	0	0	1	0	0	0	0	0	k:Bacteria,p:Firmicutes,c:Clostridia,o:Clostridia_UCG-014
OTU_947	0	0	0	0	0	0	0	0	0	0	0	0	0	0	0	3	0	0	0	0	0	0	0	0	k:Bacteria,p:Proteobacteria,c:Alphaproteobacteria,o:Caulobacterales,f:Caulobacteraceae,g:Brevundimonas,s:Brevundimonas_sp.
OTU_458	0	0	0	0	0	0	0	0	0	0	0	0	0	0	0	2	0	0	0	0	0	0	0	0	k:Bacteria,p:Proteobacteria,c:Alphaproteobacteria,o:Rhizobiales,f:Labraceae,g:Labrys
OTU_194	0	0	0	0	0	0	1	0	0	0	0	0	0	0	0	1	0	0	0	0	0	0	0	0	k:Bacteria,p:Firmicutes,c:Bacilli,o:Staphylococcales,f:Staphylococcaceae,g:Macrococcus,s:Macrococcus_lamae
OTU_634	0	0	0	0	0	0	0	0	0	0	0	0	0	0	0	1	0	0	0	0	0	0	0	0	k:Bacteria,p:Actinobacteriota,c:Actinobacteria,o:Micrococcales,f:Dermacoccaceae,g:Dermacoccus,s:Dermacoccus_nishinomiyaensis
OTU_1370	0	0	0	0	0	0	0	0	1	0	0	0	0	0	1	3	0	0	1	0	0	0	0	0	k:Bacteria,p:Patescibacteria,c:Saccharimonadia,o:Saccharimonadales,f:Saccharimonadaceae,g:TM7x
OTU_131	0	0	0	0	0	0	0	0	0	0	0	0	0	0	0	2	0	1	0	0	0	0	0	0	k:Bacteria,p:Proteobacteria,c:Alphaproteobacteria,o:Rhizobiales,f:Beijerinckiaceae,g:Methylobacterium-Methylorubrum
OTU_1908	0	0	0	0	0	0	0	0	0	0	0	0	0	0	0	1	0	0	0	1	0	0	1	0	k:Bacteria,p:Proteobacteria,c:Gammaproteobacteria,o:Pseudomonadales,f:Moraxellaceae,g:Moraxella
OTU_3281	0	0	0	0	0	0	0	0	0	0	0	0	0	0	0	1	0	0	0	0	0	0	0	0	k:Bacteria,p:Proteobacteria,c:Gammaproteobacteria,o:Acidiferrobacterales,f:Acidiferrobacteraceae
OTU_1909	0	0	0	0	0	0	0	0	0	0	0	0	0	0	0	2	0	0	0	0	0	0	0	0	k:Bacteria,p:Proteobacteria,c:Gammaproteobacteria,o:Enterobacterales,f:Enterobacteriaceae,g:Escherichia-Shigella
OTU_312	0	0	0	0	0	0	0	0	0	0	0	0	0	0	0	1	0	0	1	0	0	0	0	0	k:Bacteria,p:Proteobacteria,c:Gammaproteobacteria,o:Pasteurellales,f:Pasteurellaceae,g:Actinobacillus
OTU_2192	0	0	0	0	0	0	3	0	0	0	0	0	0	0	0	2	0	0	0	0	0	0	0	0	k:Bacteria,p:Firmicutes,c:Bacilli,o:Staphylococcales,f:Staphylococcaceae,g:Macrococcus
OTU_2198	0	0	0	0	0	0	0	0	0	0	0	0	0	0	0	2	0	0	0	0	0	0	0	0	k:Bacteria,p:Proteobacteria,c:Alphaproteobacteria,o:Sphingomonadales,f:Sphingomonadaceae,g:Sphingomonas
OTU_3275	0	0	0	0	0	0	0	0	0	0	0	0	0	0	0	1	0	1	0	0	0	0	0	0	k:Bacteria,p:Proteobacteria,c:Alphaproteobacteria,o:Rhizobiales,f:Beijerinckiaceae,g:1174-901-12
OTU_1011	0	0	0	0	0	0	0	0	0	0	0	0	0	0	0	3	0	1	0	0	0	0	0	0	k:Bacteria,p:Actinobacteriota,c:Actinobacteria,o:Micrococcales,f:Microbacteriaceae,g:Amnibacterium,s:Amnibacterium_sp.
OTU_4012	0	0	0	0	0	0	0	0	0	0	0	0	0	0	0	3	0	0	0	0	0	0	0	0	k:Bacteria,p:Actinobacteriota,c:Actinobacteria,o:Micrococcales,f:Microbacteriaceae,g:Curtobacterium
OTU_1125	0	0	0	0	0	0	0	0	0	0	0	0	0	0	0	1	0	0	2	0	0	0	0	0	k:Bacteria,p:Actinobacteriota,c:Actinobacteria,o:Actinomycetales,f:Actinomycetaceae,g:Actinomyces
OTU_1170	0	0	0	0	0	0	0	0	0	0	0	0	0	0	0	1	0	0	0	0	0	0	0	0	k:Bacteria,p:Proteobacteria,c:Gammaproteobacteria,o:Pseudomonadales,f:Moraxellaceae,g:Moraxella,s:Moraxella_sp._canine_oral_taxon_017
OTU_2196	0	0	0	0	0	0	0	0	0	0	0	0	0	0	0	2	0	0	0	0	0	0	0	0	k:Bacteria,p:Actinobacteriota,c:Actinobacteria,o:Propionibacteriales,f:Propionibacteriaceae,g:Tessaracoccus
OTU_334	0	0	0	0	0	0	0	0	0	0	0	0	0	0	0	0	2	0	0	0	0	0	0	0	k:Bacteria,p:Proteobacteria,c:Gammaproteobacteria,o:Enterobacterales,f:Enterobacteriaceae
OTU_44	0	0	0	0	0	0	0	0	0	0	0	0	0	0	0	0	2	0	0	0	0	0	0	0	k:Bacteria,p:Firmicutes,c:Bacilli,o:Lactobacillales,f:Streptococcaceae,g:Streptococcus
OTU_1233	0	0	0	0	0	0	0	0	0	0	0	0	0	0	0	0	3	0	0	0	0	0	0	0	k:Bacteria,p:Firmicutes,c:Bacilli,o:Lactobacillales,f:Leuconostocaceae,g:Weissella,s:Weissella_confusa
OTU_320	0	0	0	0	0	0	0	0	0	0	0	0	0	0	0	0	1	0	0	0	0	0	0	0	k:Bacteria,p:Firmicutes,c:Bacilli,o:Lactobacillales,f:Streptococcaceae,g:Streptococcus
OTU_156	0	0	0	0	0	0	0	0	0	0	0	0	0	0	0	0	1	0	1	0	0	0	0	0	k:Bacteria,p:Actinobacteriota,c:Actinobacteria,o:Micrococcales,f:Micrococcaceae,g:Arthrobacter
OTU_2195	0	0	0	0	0	0	0	0	0	0	0	0	0	0	0	0	1	0	0	0	0	0	0	0	k:Bacteria,p:Firmicutes,c:Bacilli,o:Lactobacillales,f:Streptococcaceae,g:Streptococcus
OTU_1000	0	0	0	0	0	0	0	0	0	0	0	0	0	0	0	0	0	0	0	0	0	0	0	0	k:Bacteria,p:Proteobacteria,c:Gammaproteobacteria,o:Enterobacterales,f:Enterobacteriaceae,g:Kosakonia
OTU_2097	0	0	0	0	0	0	0	0	1	0	0	0	0	0	0	0	1	0	0	0	0	0	0	0	k:Bacteria,p:Firmicutes,c:Bacilli,o:Lactobacillales,f:Streptococcaceae,g:Streptococcus
OTU_1001	0	0	0	0	0	0	2	0	0	0	0	0	0	0	0	0	0	1	0	0	0	0	0	0	k:Bacteria,p:Firmicutes,c:Bacilli,o:Erysipelotrichales,f:Erysipelotrichaceae,g:Turicibacter
OTU_2804	0	0	0	0	0	0	0	0	0	0	0	0	0	0	0	0	0	1	0	1	0	0	0	0	k:Bacteria,p:Firmicutes,c:Bacilli,o:Lactobacillales,f:Streptococcaceae,g:Streptococcus,s:Streptococcus_alactolyticus
OTU_2488	0	0	0	0	0	0	0	0	0	0	0	0	0	0	0	0	0	2	0	0	0	0	0	0	k:Bacteria,p:Proteobacteria,c:Gammaproteobacteria,o:Burkholderiales,f:Burkholderiaceae,g:Burkholderia-Caballeronia-Paraburkholderia
OTU_1264	0	0	0	0	0	0	0	0	0	0	0	0	0	0	0	0	0	2	0	0	0	0	0	0	k:Bacteria,p:Planctomycetota,c:Planctomycetes,o:Isosphaerales,f:Isosphaeraceae,g:Paludisphaera,s:Isosphaera-like_str._CJuql1
OTU_198	0	0	0	0	0	0	0	0	1	0	0	0	0	0	0	0	0	1	0	0	0	0	0	0	k:Bacteria,p:Firmicutes,c:Bacilli,o:Lactobacillales,f:Streptococcaceae,g:Streptococcus
OTU_1323	0	0	0	0	0	0	0	0	0	0	0	0	0	0	0	0	0	1	0	0	0	0	0	0	k:Bacteria,p:Acidobacteriota,c:Holophagae,o:Subgroup_7
OTU_3980	0	0	0	0	0	0	1	0	0	0	0	0	0	0	0	0	0	0	0	0	0	1	0	0	k:Bacteria,p:Firmicutes,c:Clostridia,o:Clostridiales,f:Clostridiaceae,g:Clostridium_sensu_stricto_1
OTU_1710	0	0	0	0	0	0	0	0	0	0	0	0	0	0	0	0	0	0	0	0	0	1	0	1	k:Bacteria,p:Firmicutes,c:Bacilli,o:Lactobacillales,f:Streptococcaceae,g:Streptococcus
OTU_2932	0	0	0	0	0	0	0	0	0	0	0	0	0	0	0	0	0	0	0	0	0	0	1	0	k:Bacteria,p:Proteobacteria,c:Gammaproteobacteria,o:Xanthomonadales,f:Xanthomonadaceae,g:Xanthomonas,s:Xanthomonas_translucens_pv._translucens
OTU_2919	0	0	0	0	0	0	0	0	0	0	0	0	0	0	0	0	0	0	0	0	0	1	1	0	k:Bacteria,p:Proteobacteria,c:Gammaproteobacteria,o:Burkholderiales,f:TRA3-20
OTU_107	0	0	0	0	0	0	0	0	0	0	0	0	0	0	1	0	0	0	0	0	0	1	1	0	k:Bacteria,p:Proteobacteria,c:Alphaproteobacteria,o:Rhizobiales,f:Beijerinckiaceae,g:Methylobacterium-Methylorubrum,s:Methylobacterium_aerolatum
OTU_160	0	0	0	0	0	0	0	0	0	0	0	0	0	0	0	0	0	0	0	0	0	0	1	0	k:Bacteria,p:Firmicutes,c:Bacilli,o:Lactobacillales,f:Streptococcaceae,g:Streptococcus,s:Streptococcus_alactolyticus
OTU_12	0	0	0	0	0	0	4	9	0	0	0	0	0	0	0	0	0	0	0	0	0	0	1	0	k:Bacteria,p:Firmicutes,c:Bacilli,o:Lactobacillales,f:Leuconostocaceae,g:Leuconostoc,s:Leuconostoc_lactis
OTU_1602	0	0	0	0	0	0	0	0	0	0	0	0	0	0	0	0	0	0	0	0	0	0	0	1	k:Bacteria,p:Proteobacteria,c:Gammaproteobacteria,o:Enterobacterales,f:Morganellaceae,g:Arsenophonus
OTU_643	0	0	0	0	0	0	0	0	0	0	0	0	0	0	0	0	0	0	0	0	0	0	0	0	k:Bacteria,p:Proteobacteria,c:Alphaproteobacteria,o:Rhizobiales,f:Beijerinckiaceae,g:Methylobacterium-Methylorubrum
OTU_269	0	0	0	0	0	0	0	0	0	0	0	0	0	0	0	0	0	0	0	0	0	0	1	1	k:Bacteria,p:Proteobacteria,c:Alphaproteobacteria,o:Sphingomonadales,f:Sphingomonadaceae,g:Sphingomonas
OTU_913	0	0	0	0	0	0	0	0	0	0	0	0	0	0	0	0	0	0	0	0	1	0	0	0	k:Bacteria,p:Firmicutes,c:Bacilli,o:Lactobacillales,f:Lactobacillaceae,g:Lactobacillus,s:Lactobacillus_brevis
OTU_252	0	0	0	0	0	0	5	4	0	0	0	0	0	0	1	0	0	0	0	0	3	0	0	0	k:Bacteria,p:Firmicutes,c:Bacilli,o:Lactobacillales,f:Lactobacillaceae,g:Lactobacillus
OTU_2501	0	0	0	0	0	0	0	0	0	0	0	0	0	0	0	0	0	0	0	0	2	0	0	0	k:Bacteria,p:Firmicutes,c:Bacilli,o:Thermoactinomycetales,f:Thermoactinomycetaceae,g:Kroppenstedtia
OTU_2105	0	0	0	0	0	0	0	0	0	0	0	0	0	0	0	0	0	0	0	0	2	0	0	0	k:Bacteria,p:Firmicutes,c:Bacilli,o:Lactobacillales,f:Lactobacillaceae,g:Lactobacillus,s:Lactobacillus_acetotolerans_DSM_20749_
OTU_1282	0	0	0	0	0	0	0	0	0	0	0	0	0	0	1	0	0	0	0	0	0	0	0	0	k:Bacteria,p:Firmicutes,c:Clostridia,o:Clostridiales,f:Clostridiaceae,g:Clostridium_sensu_stricto_1
OTU_1738	0	0	0	0	0	0	0	1	0	0	0	0	0	0	0	0	0	0	0	0	2	0	0	0	k:Bacteria,p:Firmicutes,c:Bacilli,o:Lactobacillales,f:Lactobacillaceae,g:Lactobacillus,s:Lactobacillus_plantarum
OTU_3841	0	0	0	0	0	0	0	1	0	0	0	0	0	0	0	0	0	0	0	0	1	0	0	0	k:Bacteria,p:Firmicutes,c:Bacilli,o:Bacillales,f:Bacillaceae,g:Bacillus
OTU_734	0	0	0	0	0	0	0	0	0	0	0	0	0	0	0	0	0	0	1	0	2	0	0	0	k:Bacteria,p:Firmicutes,c:Clostridia,o:Peptostreptococcales-Tissierellales,g:Helcococcus,s:Helcococcus_sueciensis
OTU_2882	0	0	0	0	0	0	0	0	0	0	0	0	0	0	0	0	0	0	0	0	2	0	0	0	k:Bacteria,p:Bdellovibrionota,c:Bdellovibrionia,o:Bdellovibrionales,f:Bdellovibrionaceae,g:Bdellovibrio,s:Bdellovibrio_bacteriovorus
OTU_227	0	0	0	0	0	0	1	0	0	0	0	0	0	0	0	0	0	0	0	0	1	0	0	0	k:Bacteria,p:Firmicutes,c:Bacilli,o:Lactobacillales,f:Lactobacillaceae,g:Lactobacillus,s:Lactobacillus_pontis
OTU_42	0	0	0	0	0	0	0	0	0	0	0	0	0	0	0	0	0	0	92	27	1	0	0	0	k:Bacteria,p:Firmicutes,c:Bacilli,o:Lactobacillales,f:Streptococcaceae,g:Streptococcus,s:Streptococcus_suis
OTU_2879	0	0	0	0	0	0	0	0	0	0	0	0	0	0	0	0	0	0	0	0	1	0	0	0	k:Bacteria,p:Firmicutes,c:Bacilli,o:Lactobacillales,f:Streptococcaceae,g:Streptococcus,s:Streptococcus_alactolyticus
OTU_2934	0	0	0	0	0	0	0	1	0	0	0	0	0	0	0	0	0	0	0	0	0	0	0	0	k:Bacteria,p:Firmicutes,c:Bacilli,o:Thermoactinomycetales,f:Thermoactinomycetaceae,g:Kroppenstedtia
OTU_1239	0	0	0	0	0	0	0	0	0	0	0	0	0	0	0	0	0	0	0	0	2	0	0	0	k:Bacteria,p:Firmicutes,c:Bacilli,o:Lactobacillales,f:Lactobacillaceae,g:Lactobacillus,s:Lactobacillus_reuteri
OTU_229	0	0	0	0	0	0	0	0	0	0	0	0	0	0	1	0	0	0	0	0	0	0	0	0	k:Bacteria,p:Firmicutes,c:Bacilli,o:Bacillales,f:Sporolactobacillaceae,g:Scopulibacillus,s:Scopulibacillus_daqui
OTU_1678	0	0	0	0	0	0	1	0	0	0	0	0	0	0	0	0	0	0	0	0	0	0	0	0	k:Bacteria,p:Firmicutes,c:Clostridia,o:Peptostreptococcales-Tissierellales,f:Peptostreptococcaceae
OTU_680	0	0	0	0	0	0	0	0	1	0	0	0	0	0	1	0	0	0	0	0	0	0	0	0	k:Bacteria,p:Firmicutes,c:Bacilli,o:Bacillales,f:Bacillaceae,g:Geobacillus,s:Geobacillus_sp._AKNT12
OTU_177	0	0	0	0	0	0	0	0	0	0	0	0	0	0	1	0	0	0	1	0	0	0	0	0	k:Bacteria,p:Bacteroidota,c:Bacteroidia,o:Flavobacteriales,f:Flavobacteriaceae,g:Flavobacterium
OTU_43	0	0	0	0	0	0	0	0	0	0	0	0	0	0	0	0	0	0	1	0	0	0	0	0	k:Bacteria,p:Firmicutes,c:Bacilli,o:Lactobacillales,f:Streptococcaceae,g:Streptococcus,s:Streptococcus_suis
OTU_1218	0	0	0	0	0	0	0	0	0	0	0	0	0	0	0	0	0	0	2	0	0	0	0	0	k:Bacteria,p:Firmicutes,c:Bacilli,o:Lactobacillales,f:Carnobacteriaceae,g:Granulicatella
OTU_1195	0	0	0	0	0	0	0	0	0	0	0	0	0	0	0	0	0	0	2	0	0	0	0	0	k:Bacteria,p:Firmicutes,c:Bacilli,o:Lactobacillales,f:Carnobacteriaceae,g:Granulicatella
OTU_120	0	0	0	0	0	0	0	0	0	0	0	0	0	0	0	0	0	0	3	0	0	0	0	0	k:Bacteria,p:Firmicutes,c:Bacilli,o:Lactobacillales,f:Streptococcaceae,g:Streptococcus
OTU_144	0	0	0	0	0	0	0	0	0	0	0	0	0	0	0	0	0	0	1	0	0	0	0	0	k:Bacteria,p:Proteobacteria,c:Alphaproteobacteria,o:Sphingomonadales,f:Sphingomonadaceae,g:Altererythrobacter
OTU_2746	0	0	0	0	0	0	0	0	0	0	0	0	0	0	0	0	0	0	1	1	0	0	0	0	k:Bacteria,p:Firmicutes,c:Bacilli,o:Lactobacillales,f:Aerococcaceae,g:Facklamia
OTU_1184	0	0	0	0	0	0	0	0	0	0	0	0	0	0	0	0	0	0	1	8	0	0	0	0	k:Bacteria,p:Bacteroidota,c:Bacteroidia,o:Bacteroidales,f:Porphyromonadaceae,g:Porphyromonas,s:Porphyromonadaceae_bacterium_FC4
OTU_1217	0	0	0	0	0	0	0	0	0	0	0	0	0	0	0	0	0	0	0	2	0	0	0	0	k:Bacteria,p:Firmicutes,c:Bacilli,o:Lactobacillales,f:Aerococcaceae,g:Facklamia
OTU_2050	0	0	0	0	0	0	0	0	0	0	0	0	0	0	0	0	0	0	0	1	0	0	0	0	k:Bacteria,p:Firmicutes,c:Clostridia,o:Peptostreptococcales-Tissierellales
OTU_165	0	0	0	0	0	0	0	0	0	0	0	0	0	0	0	0	0	0	0	3	0	0	0	0	k:Bacteria,p:Bacteroidota,c:Bacteroidia,o:Bacteroidales,f:Porphyromonadaceae,g:Porphyromonas
OTU_1187	0	0	0	0	0	0	0	0	0	0	0	0	0	0	0	0	0	0	0	1	0	0	0	0	k:Bacteria,p:Proteobacteria,c:Gammaproteobacteria,o:Pseudomonadales,f:Moraxellaceae,g:Psychrobacter
OTU_151	0	0	0	0	0	0	0	0	0	0	0	0	0	0	0	0	0	0	0	1	0	0	0	0	k:Bacteria,p:Bacteroidota,c:Bacteroidia,o:Bacteroidales,f:Dysgonomonadaceae,g:Proteiniphilum,s:Petrimonas_sp._B-17
OTU_183	0	0	0	0	0	0	0	0	0	0	0	0	0	0	0	0	0	0	0	1	0	0	0	0	k:Bacteria,p:Firmicutes,c:Negativicutes,o:Veillonellales-Selenomonadales,f:Veillonellaceae,g:Dialister
